from,to,relation,weight,event,year
ml,v_raelingen,1,NA,NA,NA
sk,v_schwarzach,1,NA,NA,NA
rk96,v_tsuchiya,1,NA,NA,NA
vz,v_nsa,1,NA,NA,NA
pw,v_wisla_wss,1,NA,NA,NA
nn,v_flyinglaboratory,1,NA,NA,NA
aa95,v_kiteen,1,NA,NA,NA
lk99,v_ljubljana,1,NA,NA,NA
pr00,v_oberstdorf,1,NA,NA,NA
ml,nor,2,NA,NA,NA
sk,aut,2,NA,NA,NA
rk96,jpn,2,NA,NA,NA
vz,bul,2,NA,NA,NA
pw,pol,2,NA,NA,NA
nn,jpn,2,NA,NA,NA
lk99,slo,2,NA,NA,NA
pr00,ger,2,NA,NA,NA
mb,nor,3,NA,NA,NA
sh69t,ger,3,NA,NA,NA
ks90,jpn,3,NA,NA,NA
rh88,slo,3,NA,NA,NA
es,bul,3,NA,NA,NA
mm82,pol,3,NA,NA,NA
im,fin,3,NA,NA,NA
bn,sui,3,NA,NA,NA
mb,ml,4,NA,NA,NA
mb,jf,4,NA,NA,NA
sh69t,aw95,4,NA,NA,NA
sh69t,pr00,4,NA,NA,NA
ks90,rk96,4,NA,NA,NA
ks90,nn,4,NA,NA,NA
rh88,al96,4,NA,NA,NA
rh88,lk99,4,NA,NA,NA
es,vz,4,NA,NA,NA
mm82,pw,4,NA,NA,NA
im,aa95,4,NA,NA,NA
bn,gd,4,NA,NA,NA
v_raelingen,nor,5,NA,NA,NA
v_bischofshofen,aut,5,NA,NA,NA
v_oberaudorf,ger,5,NA,NA,NA
v_schwarzach,aut,5,NA,NA,NA
v_tsuchiya,jpn,5,NA,NA,NA
v_menges,slo,5,NA,NA,NA
v_nsa,bul,5,NA,NA,NA
v_wisla_wss,pol,5,NA,NA,NA
v_flyinglaboratory,jpn,5,NA,NA,NA
v_kiteen,fin,5,NA,NA,NA
v_ljubljana,slo,5,NA,NA,NA
v_horw,sui,5,NA,NA,NA
v_oberstdorf,ger,5,NA,NA,NA
v_fersped,slo,5,NA,NA,NA
v_katowice,slo,5,NA,NA,NA
v_kitanoconstruction,jpn,5,NA,NA,NA
ks90,v_kitanoconstruction,6,NA,NA,NA
rh88,v_velenje,6,NA,NA,NA
mm82,v_katowice,6,NA,NA,NA
im,v_fersped,6,NA,NA,NA
bn,v_kranj,6,NA,NA,NA
ml,wc25,7,4,NA,2025
aw95,wc25,7,3,NA,2025
jh98,wc25,7,2,NA,2025
kg,wc25,7,1,NA,2025
jf,wc25,7,1,NA,2025
sk,wc25,7,1,NA,2025
rk96,wc25,7,1,NA,2025
al96,wc25,7,1,NA,2025
vz,wc25,7,1,NA,2025
pw,wc25,7,1,NA,2025
nn,wc25,7,1,NA,2025
aa95,wc25,7,1,NA,2025
lk99,wc25,7,1,NA,2025
gd,wc25,7,1,NA,2025
pr00,wc25,7,1,NA,2025
mb,wc25,8,NA,NA,2025
sh69t,wc25,8,NA,NA,2025
aw76,wc25,8,NA,NA,2025
ks90,wc25,8,NA,NA,2025
rh88,wc25,8,NA,NA,2025
es,wc25,8,NA,NA,2025
mm82,wc25,8,NA,NA,2025
mz,wc25,8,NA,NA,2025
im,wc25,8,NA,NA,2025
bn,wc25,8,NA,NA,2025
jh98,v_bischofshofen,1,NA,NA,NA
dt02,v_achomitz,1,NA,NA,NA
jh98,aut,2,NA,NA,NA
dt02,aut,2,NA,NA,NA
tt89,pol,3,NA,NA,NA
aw76,jh98,4,NA,NA,NA
aw76,dt02,4,NA,NA,NA
tt89,pz87,4,NA,NA,NA
tt89,dk,4,NA,NA,NA
tt89,ks87,4,NA,NA,NA
v_achomitz,aut,5,NA,NA,NA
v_kitzbuehel,aut,5,NA,NA,NA
tt89,v_kitzbuehel,6,NA,NA,NA
pz87,wc23,7,4,wc23,2023
aw95,wc23,7,3,wc23,2023
kg,wc23,7,2,wc23,2023
sk,wc23,7,1,wc23,2023
dk,wc23,7,1,wc23,2023
ks87,wc23,7,1,wc23,2023
cs,wc23,7,1,wc23,2023
jh98,wc23,7,1,wc23,2023
al96,wc23,7,1,wc23,2023
tz,wc23,7,1,wc23,2023
hg,wc23,7,1,wc23,2023
af91,wc23,7,1,wc23,2023
me,wc23,7,1,wc23,2023
dt02,wc23,7,1,wc23,2023
mh91,wc23,7,1,wc23,2023
aw76,wc23,8,NA,wc23,2023
sh69t,wc23,8,NA,wc23,2023
tt89,wc23,8,NA,wc23,2023
as73,wc23,8,NA,wc23,2023
rh88,wc23,8,NA,wc23,2023
pz87,v_wisla_wss,1,NA,NA,NA
hg,v_asker,1,NA,NA,NA
rj90,v_soere,1,NA,NA,NA
bp,v_rateceplanica,1,NA,NA,NA
pp90,v_kiefersfelden,1,NA,NA,NA
cp,v_kranj,1,NA,NA,NA
pz87,pol,2,NA,NA,NA
hg,nor,2,NA,NA,NA
rj90,nor,2,NA,NA,NA
bp,slo,2,NA,NA,NA
pp90,ger,2,NA,NA,NA
cp,slo,2,NA,NA,NA
md,pol,3,NA,NA,NA
md,pz87,4,NA,NA,NA
as73,hg,4,NA,NA,NA
as73,rj90,4,NA,NA,NA
rh88,bp,4,NA,NA,NA
sh69t,pp90,4,NA,NA,NA
as73,ml,4,NA,NA,NA
rh88,cp,4,NA,NA,NA
v_rateceplanica,slo,5,NA,NA,NA
v_kiefersfelden,ger,5,NA,NA,NA
v_soere,nor,5,NA,NA,NA
md,v_jablonec,6,NA,NA,NA
pz87,wc21,7,4,wc21,2021
kg,wc21,7,3,wc21,2021
al96,wc21,7,2,wc21,2021
hg,wc21,7,1,wc21,2021
dk,wc21,7,1,wc21,2021
rj90,wc21,7,1,wc21,2021
mh91,wc21,7,1,wc21,2021
bp,wc21,7,1,wc21,2021
dt94,wc21,7,1,wc21,2021
sk,wc21,7,1,wc21,2021
pp90,wc21,7,1,wc21,2021
rk96,wc21,7,1,wc21,2021
pa,wc21,7,1,wc21,2021
ml,wc21,7,1,wc21,2021
cp,wc21,7,1,wc21,2021
aw76,wc21,8,NA,wc21,2021
sh69t,wc21,8,NA,wc21,2021
md,wc21,8,NA,wc21,2021
as73,wc21,8,NA,wc21,2021
hmt,wc21,8,NA,wc21,2021
rh88,wc21,8,NA,wc21,2021
pa,v_mayrhofen,1,NA,NA,NA
ys,v_snowbrand,1,NA,NA,NA
kp,v_valledejoux,1,NA,NA,NA
pa,aut,2,NA,NA,NA
ys,jpn,2,NA,NA,NA
kp,sui,2,NA,NA,NA
gb,slo,3,NA,NA,NA
af62,aut,3,NA,NA,NA
af62,pa,4,NA,NA,NA
af62,sk,4,NA,NA,NA
hmt,ys,4,NA,NA,NA
af62,mh91,4,NA,NA,NA
rh75,kp,4,NA,NA,NA
gb,jd,4,NA,NA,NA
v_mayrhofen,aut,5,NA,NA,NA
v_valledejoux,sui,5,NA,NA,NA
v_absam,aut,5,NA,NA,NA
af62,v_absam,6,NA,NA,NA
dk,wc19,7,4,wc19,2019
ks87,wc19,7,3,wc19,2019
sk,wc19,7,2,wc19,2019
pa,wc19,7,1,wc19,2019
rf,wc19,7,1,wc19,2019
sl,wc19,7,1,wc19,2019
me,wc19,7,1,wc19,2019
ys,wc19,7,1,wc19,2019
mh91,wc19,7,1,wc19,2019
kp,wc19,7,1,wc19,2019
jd,wc19,7,1,wc19,2019
sa,wc19,7,1,wc19,2019
sh86,wc19,7,1,wc19,2019
rk96,wc19,7,1,wc19,2019
rk89,wc19,7,1,wc19,2019
af62,wc19,8,NA,wc19,2019
ws69,wc19,8,NA,wc19,2019
sh69t,wc19,8,NA,wc19,2019
as73,wc19,8,NA,wc19,2019
hmt,wc19,8,NA,wc19,2019
gb,wc19,8,NA,wc19,2019
dj,wc19,8,NA,wc19,2019
rh75,wc19,8,NA,wc19,2019
me,v_siegsdorf,1,NA,NA,NA
mh91,v_hinzenbach,1,NA,NA,NA
jf,v_tromsoe,1,NA,NA,NA
dk,v_zakopane_wisla,1,NA,NA,NA
rf,v_aue,1,NA,NA,NA
di85,v_snowbrand,1,NA,NA,NA
sl,v_willingen,1,NA,NA,NA
me,ger,2,NA,NA,NA
mh91,aut,2,NA,NA,NA
jf,nor,2,NA,NA,NA
dk,pol,2,NA,NA,NA
di85,jpn,2,NA,NA,NA
sl,ger,2,NA,NA,NA
hk,sk,4,NA,NA,NA
sh69t,mk91a,4,NA,NA,NA
hk,mh91,4,NA,NA,NA
as73,jf,4,NA,NA,NA
sh69t,dk,4,NA,NA,NA
ws69,rf,4,NA,NA,NA
ty,di85,4,NA,NA,NA
hk,mf,4,NA,NA,NA
ws69,sl,4,NA,NA,NA
rs,rk89,4,NA,NA,NA
v_siegsdorf,ger,5,NA,NA,NA
v_hinzenbach,aut,5,NA,NA,NA
v_tromsoe,nor,5,NA,NA,NA
v_zakopane_wisla,pol,5,NA,NA,NA
v_willingen,ger,5,NA,NA,NA
v_lomnice,cze,5,NA,NA,NA
v_kongsberg,nor,5,NA,NA,NA
sk,wc17,7,4,wc17,2017
aw95,wc17,7,3,wc17,2017
me,wc17,7,2,wc17,2017
ks87,wc17,7,1,wc17,2017
mk91a,wc17,7,1,wc17,2017
mh91,wc17,7,1,wc17,2017
jf,wc17,7,1,wc17,2017
dk,wc17,7,1,wc17,2017
rf,wc17,7,1,wc17,2017
di85,wc17,7,1,wc17,2017
pp92,wc17,7,1,wc17,2017
mf,wc17,7,1,wc17,2017
sl,wc17,7,1,wc17,2017
rk89,wc17,7,1,wc17,2017
dt94,wc17,7,1,wc17,2017
hk,wc17,8,NA,wc17,2017
ws69,wc17,8,NA,wc17,2017
sh69t,wc17,8,NA,wc17,2017
as73,wc17,8,NA,wc17,2017
ty,wc17,8,NA,wc17,2017
gj,wc17,8,NA,wc17,2017
rs,wc17,8,NA,wc17,2017
ep,v_moskau,1,NA,NA,NA
wl,v_badmitterndorf,1,NA,NA,NA
gs90,v_innsbruck,1,NA,NA,NA
sa,v_toggenburg,1,NA,NA,NA
ks87,v_zakopane_eve,1,NA,NA,NA
vl90,v_lahden,1,NA,NA,NA
tm,v_villach,1,NA,NA,NA
rk89,v_lomnice,1,NA,NA,NA
dv,v_ufa,1,NA,NA,NA
rk81,v_kranj,1,NA,NA,NA
ab,v_steinkjer,1,NA,NA,NA
ho,v_ounasvaara,1,NA,NA,NA
to,v_snowbrand,1,NA,NA,NA
mu,v_rastbuechl,1,NA,NA,NA
wl,aut,2,NA,NA,NA
gs90,aut,2,NA,NA,NA
sa,sui,2,NA,NA,NA
ks87,pol,2,NA,NA,NA
vl90,fin,2,NA,NA,NA
tm,aut,2,NA,NA,NA
rk89,cze,2,NA,NA,NA
dv,rus,2,NA,NA,NA
rk81,slo,2,NA,NA,NA
ab,nor,2,NA,NA,NA
ho,fin,2,NA,NA,NA
to,jpn,2,NA,NA,NA
mu,ger,2,NA,NA,NA
ap,aut,3,NA,NA,NA
mk80,sui,3,NA,NA,NA
jv,fin,3,NA,NA,NA
rs,cze,3,NA,NA,NA
ky,jpn,3,NA,NA,NA
ap,wl,4,NA,NA,NA
ap,gs90,4,NA,NA,NA
mk80,sa,4,NA,NA,NA
lk75,ks87,4,NA,NA,NA
ws69,ms,4,NA,NA,NA
jv,vl90,4,NA,NA,NA
ap,tm,4,NA,NA,NA
ws63,dv,4,NA,NA,NA
mz,rk81,4,NA,NA,NA
jv,ho,4,NA,NA,NA
ky,to,4,NA,NA,NA
ws69,mu,4,NA,NA,NA
v_badmitterndorf,aut,5,NA,NA,NA
v_innsbruck,aut,5,NA,NA,NA
v_toggenburg,sui,5,NA,NA,NA
v_zakopane_eve,pol,5,NA,NA,NA
v_puijon,fin,5,NA,NA,NA
v_lahden,fin,5,NA,NA,NA
v_liberec,cze,5,NA,NA,NA
v_steinkjer,nor,5,NA,NA,NA
v_ounasvaara,fin,5,NA,NA,NA
v_snowbrand,jpn,5,NA,NA,NA
v_rastbuechl,ger,5,NA,NA,NA
ap,v_innsbruck,6,NA,NA,NA
jv,v_puijon,6,NA,NA,NA
rs,v_brand,6,NA,NA,NA
ws63,v_hinterzarten,6,NA,NA,NA
ky,v_ounasvaara,6,NA,NA,NA
wl,wc09,7,4,wc09,2009
gs90,wc09,7,3,wc09,2009
sa,wc09,7,2,wc09,2009
ks87,wc09,7,1,wc09,2009
ms,wc09,7,1,wc09,2009
ak79,wc09,7,1,wc09,2009
vl90,wc09,7,1,wc09,2009
tm,wc09,7,1,wc09,2009
rk89,wc09,7,1,wc09,2009
dv,wc09,7,1,wc09,2009
rk81,wc09,7,1,wc09,2009
ab,wc09,7,1,wc09,2009
ho,wc09,7,1,wc09,2009
to,wc09,7,1,wc09,2009
mu,wc09,7,1,wc09,2009
ap,wc09,8,NA,wc09,2009
mk80,wc09,8,NA,wc09,2009
lk75,wc09,8,NA,wc09,2009
ws69,wc09,8,NA,wc09,2009
jv,wc09,8,NA,wc09,2009
rs,wc09,8,NA,wc09,2009
ws63,wc09,8,NA,wc09,2009
mz,wc09,8,NA,wc09,2009
mk63,wc09,8,NA,wc09,2009
ky,wc09,8,NA,wc09,2009
ak84,v_innsbruck,1,NA,NA,NA
th,v_asker,1,NA,NA,NA
sf,v_rastbuechl,1,NA,NA,NA
ak88,v_kuusamo,1,NA,NA,NA
sc,v_fiammegialle,1,NA,NA,NA
aj,v_hornindal,1,NA,NA,NA
ak84,aut,2,NA,NA,NA
th,nor,2,NA,NA,NA
sf,ger,2,NA,NA,NA
ak88,fin,2,NA,NA,NA
sc,ita,2,NA,NA,NA
pn,fin,3,NA,NA,NA
rc,ita,3,NA,NA,NA
ty,jpn,3,NA,NA,NA
ap,ak84,4,NA,NA,NA
ws69,sf,4,NA,NA,NA
pn,ak88,4,NA,NA,NA
rc,sc,4,NA,NA,NA
v_wisla,pol,5,NA,NA,NA
v_asker,nor,5,NA,NA,NA
v_kuusamo,fin,5,NA,NA,NA
v_fiammegialle,ita,5,NA,NA,NA
v_ringkollen,nor,5,NA,NA,NA
pn,v_puijon,6,NA,NA,NA
rc,v_fiammegialle,6,NA,NA,NA
tm,wc11,7,4,wc11,2011
ak84,wc11,7,3,wc11,2011
am,wc11,7,2,wc11,2011
sa,wc11,7,1,wc11,2011
th,wc11,7,1,wc11,2011
ks87,wc11,7,1,wc11,2011
sf,wc11,7,1,wc11,2011
gs90,wc11,7,1,wc11,2011
ab,wc11,7,1,wc11,2011
ak88,wc11,7,1,wc11,2011
mu,wc11,7,1,wc11,2011
sc,wc11,7,1,wc11,2011
di85,wc11,7,1,wc11,2011
ms,wc11,7,1,wc11,2011
aj,wc11,7,1,wc11,2011
ap,wc11,8,NA,wc11,2011
mk80,wc11,8,NA,wc11,2011
mk63,wc11,8,NA,wc11,2011
lk75,wc11,8,NA,wc11,2011
ws69,wc11,8,NA,wc11,2011
pn,wc11,8,NA,wc11,2011
rc,wc11,8,NA,wc11,2011
ty,wc11,8,NA,wc11,2011
pp92,v_kranj,1,NA,NA,NA
tt87,v_taku,1,NA,NA,NA
aw88,v_hinterzarten,1,NA,NA,NA
mk91a,v_zakopane_azs,1,NA,NA,NA
jm,v_liberec,1,NA,NA,NA
as88,v_sprova,1,NA,NA,NA
vs,v_leshouches,1,NA,NA,NA
pp92,slo,2,NA,NA,NA
tt87,jpn,2,NA,NA,NA
aw88,ger,2,NA,NA,NA
mk91a,pol,2,NA,NA,NA
jm,cze,2,NA,NA,NA
as88,nor,2,NA,NA,NA
vs,fra,2,NA,NA,NA
gj,slo,3,NA,NA,NA
dj,cze,3,NA,NA,NA
mz,fra,3,NA,NA,NA
gj,pp92,4,NA,NA,NA
ty,tt87,4,NA,NA,NA
ws69,aw88,4,NA,NA,NA
lk75,mk91a,4,NA,NA,NA
dj,jm,4,NA,NA,NA
as73,as88,4,NA,NA,NA
mz,vs,4,NA,NA,NA
v_stjohann,aut,5,NA,NA,NA
v_aue,ger,5,NA,NA,NA
v_taku,jpn,5,NA,NA,NA
v_zakopane_azs,pol,5,NA,NA,NA
v_sprova,nor,5,NA,NA,NA
v_leshouches,fra,5,NA,NA,NA
gj,v_ljubljana,6,NA,NA,NA
dj,v_liberec,6,NA,NA,NA
ab,wc13,7,4,wc13,2013
gs90,wc13,7,3,wc13,2013
pp92,wc13,7,2,wc13,2013
sf,wc13,7,1,wc13,2013
tm,wc13,7,1,wc13,2013
rf,wc13,7,1,wc13,2013
tt87,wc13,7,1,wc13,2013
ks87,wc13,7,1,wc13,2013
aw88,wc13,7,1,wc13,2013
th,wc13,7,1,wc13,2013
mk91a,wc13,7,1,wc13,2013
jm,wc13,7,1,wc13,2013
as88,wc13,7,1,wc13,2013
vs,wc13,7,1,wc13,2013
di85,wc13,7,1,wc13,2013
as73,wc13,8,NA,wc13,2013
gj,wc13,8,NA,wc13,2013
ws69,wc13,8,NA,wc13,2013
ap,wc13,8,NA,wc13,2013
ty,wc13,8,NA,wc13,2013
lk75,wc13,8,NA,wc13,2013
dj,wc13,8,NA,wc13,2013
mz,wc13,8,NA,wc13,2013
rv,v_lommedalen,1,NA,NA,NA
jz,v_zakopane_wks,1,NA,NA,NA
mk91b,v_oberaudorf,1,NA,NA,NA
aw95,v_ruhpolding,1,NA,NA,NA
gd,v_horw,1,NA,NA,NA
ja,v_lahden,1,NA,NA,NA
rv,nor,2,NA,NA,NA
jz,pol,2,NA,NA,NA
mk91b,ger,2,NA,NA,NA
aw95,ger,2,NA,NA,NA
gd,sui,2,NA,NA,NA
ja,fin,2,NA,NA,NA
hk,aut,3,NA,NA,NA
jk,fin,3,NA,NA,NA
as73,rv,4,NA,NA,NA
lk75,jz,4,NA,NA,NA
ws69,mk91b,4,NA,NA,NA
ws69,aw95,4,NA,NA,NA
mk80,gd,4,NA,NA,NA
jk,ja,4,NA,NA,NA
v_lommedalen,nor,5,NA,NA,NA
v_brand,aut,5,NA,NA,NA
v_zakopane_wks,pol,5,NA,NA,NA
v_hornindal,nor,5,NA,NA,NA
rv,wc15,7,4,wc15,2015
sf,wc15,7,3,wc15,2015
sk,wc15,7,2,wc15,2015
rk89,wc15,7,1,wc15,2015
tt87,wc15,7,1,wc15,2015
ab,wc15,7,1,wc15,2015
rf,wc15,7,1,wc15,2015
jz,wc15,7,1,wc15,2015
af91,wc15,7,1,wc15,2015
mk91b,wc15,7,1,wc15,2015
aw95,wc15,7,1,wc15,2015
di85,wc15,7,1,wc15,2015
pp92,wc15,7,1,wc15,2015
gd,wc15,7,1,wc15,2015
ja,wc15,7,1,wc15,2015
ws69,wc15,8,NA,wc15,2015
hk,wc15,8,NA,wc15,2015
rs,wc15,8,NA,wc15,2015
ty,wc15,8,NA,wc15,2015
as73,wc15,8,NA,wc15,2015
lk75,wc15,8,NA,wc15,2015
gj,wc15,8,NA,wc15,2015
mk80,wc15,8,NA,wc15,2015
jk,wc15,8,NA,wc15,2015
rl,v_orkdal,1,NA,NA,NA
aj,v_ringkollen,1,NA,NA,NA
di84,v_magadan,1,NA,NA,NA
jr,v_oberhof,1,NA,NA,NA
mh81,v_puijon,1,NA,NA,NA
rl,nor,2,NA,NA,NA
aj,nor,2,NA,NA,NA
di84,rus,2,NA,NA,NA
jr,ger,2,NA,NA,NA
mh81,fin,2,NA,NA,NA
hl,pol,3,NA,NA,NA
bs,sui,3,NA,NA,NA
ws63,rus,3,NA,NA,NA
ws69,ger,3,NA,NA,NA
tn,fin,3,NA,NA,NA
hl,am,4,NA,NA,NA
hl,ks87,4,NA,NA,NA
bs,sa,4,NA,NA,NA
bs,ak79,4,NA,NA,NA
mk63,rl,4,NA,NA,NA
mk63,aj,4,NA,NA,NA
ws63,di84,4,NA,NA,NA
ws69,jr,4,NA,NA,NA
tn,ja,4,NA,NA,NA
tn,mh81,4,NA,NA,NA
v_villach,aut,5,NA,NA,NA
v_magadan,rus,5,NA,NA,NA
v_oberhof,ger,5,NA,NA,NA
am,wc07,7,4,wc07,2007
sa,wc07,7,3,wc07,2007
tm,wc07,7,2,wc07,2007
rl,wc07,7,1,wc07,2007
ak79,wc07,7,1,wc07,2007
ak84,wc07,7,1,wc07,2007
aj,wc07,7,1,wc07,2007
gs90,wc07,7,1,wc07,2007
di84,wc07,7,1,wc07,2007
dv,wc07,7,1,wc07,2007
ks87,wc07,7,1,wc07,2007
wl,wc07,7,1,wc07,2007
jr,wc07,7,1,wc07,2007
ja,wc07,7,1,wc07,2007
mh81,wc07,7,1,wc07,2007
hl,wc07,8,NA,wc07,2007
bs,wc07,8,NA,wc07,2007
ap,wc07,8,NA,wc07,2007
mk63,wc07,8,NA,wc07,2007
ws63,wc07,8,NA,wc07,2007
ws69,wc07,8,NA,wc07,2007
tn,wc07,8,NA,wc07,2007
rb,v_menges,1,NA,NA,NA
jj,v_liberec,1,NA,NA,NA
br,v_oevrevoll,1,NA,NA,NA
gs81,v_oberstdorf,1,NA,NA,NA
jd,v_ihan,1,NA,NA,NA
lb,v_eldar,1,NA,NA,NA
rj75,v_jyvaeskylaen,1,NA,NA,NA
mh74,v_mayrhofen,1,NA,NA,NA
sp,v_rollag,1,NA,NA,NA
jh79,v_puijon,1,NA,NA,NA
rb,slo,2,NA,NA,NA
jj,cze,2,NA,NA,NA
br,nor,2,NA,NA,NA
gs81,ger,2,NA,NA,NA
jd,slo,2,NA,NA,NA
lb,nor,2,NA,NA,NA
rj75,fin,2,NA,NA,NA
mh74,aut,2,NA,NA,NA
sp,nor,2,NA,NA,NA
jh79,fin,2,NA,NA,NA
mk63,nor,3,NA,NA,NA
pr62,ger,3,NA,NA,NA
hk,pol,3,NA,NA,NA
mk63,br,4,NA,NA,NA
mk63,lb,4,NA,NA,NA
mk63,sp,4,NA,NA,NA
tn,rj75,4,NA,NA,NA
tn,jh79,4,NA,NA,NA
pr62,gs81,4,NA,NA,NA
pr62,ms,4,NA,NA,NA
hk,am,4,NA,NA,NA
ap,mh74,4,NA,NA,NA
mz,jd,4,NA,NA,NA
v_oevrevoll,nor,5,NA,NA,NA
v_ihan,slo,5,NA,NA,NA
v_orkdal,nor,5,NA,NA,NA
v_jyvaeskylaen,fin,5,NA,NA,NA
v_rollag,nor,5,NA,NA,NA
hk,v_villach,6,NA,NA,NA
rb,wc05,7,4,wc05,2005
jj,wc05,7,3,wc05,2005
ja,wc05,7,2,wc05,2005
br,wc05,7,1,wc05,2005
gs81,wc05,7,1,wc05,2005
am,wc05,7,1,wc05,2005
jd,wc05,7,1,wc05,2005
wl,wc05,7,1,wc05,2005
rl,wc05,7,1,wc05,2005
lb,wc05,7,1,wc05,2005
rj75,wc05,7,1,wc05,2005
mh74,wc05,7,1,wc05,2005
ms,wc05,7,1,wc05,2005
sp,wc05,7,1,wc05,2005
jh79,wc05,7,1,wc05,2005
mk63,wc05,8,NA,wc05,2005
tn,wc05,8,NA,wc05,2005
pr62,wc05,8,NA,wc05,2005
hk,wc05,8,NA,wc05,2005
ap,wc05,8,NA,wc05,2005
ti,v_byaasen,1,NA,NA,NA
nk,v_tsuchiya,1,NA,NA,NA
hms,v_mizuno,1,NA,NA,NA
tk,v_lahden,1,NA,NA,NA
al84,v_puijon,1,NA,NA,NA
vl83,v_lahden,1,NA,NA,NA
kf,v_fitski,1,NA,NA,NA
ti,nor,2,NA,NA,NA
nk,jpn,2,NA,NA,NA
hms,jpn,2,NA,NA,NA
tk,fin,2,NA,NA,NA
al84,fin,2,NA,NA,NA
vl83,fin,2,NA,NA,NA
kf,jpn,2,NA,NA,NA
at,pol,3,NA,NA,NA
jt,cze,3,NA,NA,NA
hl,aut,3,NA,NA,NA
rh45,ger,3,NA,NA,NA
mk63,ti,4,NA,NA,NA
jt,jj,4,NA,NA,NA
tn,tk,4,NA,NA,NA
tn,al84,4,NA,NA,NA
tn,vl83,4,NA,NA,NA
hl,mh74,4,NA,NA,NA
rh45,mu,4,NA,NA,NA
v_byaasen,nor,5,NA,NA,NA
v_mizuno,jpn,5,NA,NA,NA
v_eldar,nor,5,NA,NA,NA
am,wc03,7,4,wc03,2003
ti,wc03,7,3,wc03,2003
nk,wc03,7,2,wc03,2003
hms,wc03,7,1,wc03,2003
tk,wc03,7,1,wc03,2003
al84,wc03,7,1,wc03,2003
mh74,wc03,7,1,wc03,2003
vl83,wc03,7,1,wc03,2003
mh81,wc03,7,1,wc03,2003
br,wc03,7,1,wc03,2003
sa,wc03,7,1,wc03,2003
lb,wc03,7,1,wc03,2003
mu,wc03,7,1,wc03,2003
jj,wc03,7,1,wc03,2003
kf,wc03,7,1,wc03,2003
at,wc03,8,NA,wc03,2003
mk63,wc03,8,NA,wc03,2003
tn,wc03,8,NA,wc03,2003
hl,wc03,8,NA,wc03,2003
bs,wc03,8,NA,wc03,2003
rh45,wc03,8,NA,wc03,2003
jt,wc03,8,NA,wc03,2003
sh69s,v_woergl,1,NA,NA,NA
mh68,v_snowbrand,1,NA,NA,NA
ag,v_waldzell,1,NA,NA,NA
vk,v_puijon,1,NA,NA,NA
if,v_ufa,1,NA,NA,NA
ws76,v_zakopane_wks,1,NA,NA,NA
mh68,jpn,2,NA,NA,NA
ag,aut,2,NA,NA,NA
vk,fin,2,NA,NA,NA
if,rus,2,NA,NA,NA
ws76,pol,2,NA,NA,NA
al56,aut,3,NA,NA,NA
mk63,fin,3,NA,NA,NA
at,am,4,NA,NA,NA
at,ws76,4,NA,NA,NA
al56,mh74,4,NA,NA,NA
al56,sh69s,4,NA,NA,NA
al56,ag,4,NA,NA,NA
al56,wl,4,NA,NA,NA
vb,mh68,4,NA,NA,NA
vb,nk,4,NA,NA,NA
mk63,ja,4,NA,NA,NA
mk63,mh81,4,NA,NA,NA
mk63,vk,4,NA,NA,NA
v_woergl,aut,5,NA,NA,NA
v_waldzell,aut,5,NA,NA,NA
v_ufa,rus,5,NA,NA,NA
v_lauscha,ger,5,NA,NA,NA
vb,v_ljubljana,6,NA,NA,NA
am,wc01,7,4,wc01,2001
ms,wc01,7,3,wc01,2001
mh74,wc01,7,2,wc01,2001
sh69s,wc01,7,1,wc01,2001
mh68,wc01,7,1,wc01,2001
ag,wc01,7,1,wc01,2001
ja,wc01,7,1,wc01,2001
nk,wc01,7,1,wc01,2001
mh81,wc01,7,1,wc01,2001
vk,wc01,7,1,wc01,2001
if,wc01,7,1,wc01,2001
ak79,wc01,7,1,wc01,2001
wl,wc01,7,1,wc01,2001
ws76,wc01,7,1,wc01,2001
at,wc01,8,NA,wc01,2001
rh45,wc01,8,NA,wc01,2001
al56,wc01,8,NA,wc01,2001
vb,wc01,8,NA,wc01,2001
mk63,wc01,8,NA,wc01,2001
bs,wc01,8,NA,wc01,2001
mf,v_innsbruck,1,NA,NA,NA
ek,v_moskau,1,NA,NA,NA
ds,v_leninogorsk,1,NA,NA,NA
tz,v_ljubno,1,NA,NA,NA
cs,v_oberaudorf,1,NA,NA,NA
al96,v_menges,1,NA,NA,NA
dh,v_seekirchen,1,NA,NA,NA
kg,v_oberstdorf,1,NA,NA,NA
mf,aut,2,NA,NA,NA
ek,rus,2,NA,NA,NA
ds,rus,2,NA,NA,NA
tz,slo,2,NA,NA,NA
cs,ger,2,NA,NA,NA
aa95,fin,2,NA,NA,NA
al96,slo,2,NA,NA,NA
dh,aut,2,NA,NA,NA
kg,ger,2,NA,NA,NA
aw76,aut,3,NA,NA,NA
as73,nor,3,NA,NA,NA
hmt,jpn,3,NA,NA,NA
ep,rus,3,NA,NA,NA
sh69t,cs,4,NA,NA,NA
sh69t,kg,4,NA,NA,NA
aw76,mf,4,NA,NA,NA
aw76,sk,4,NA,NA,NA
aw76,dh,4,NA,NA,NA
rh88,pp92,4,NA,NA,NA
rh88,tz,4,NA,NA,NA
md,dk,4,NA,NA,NA
md,ks87,4,NA,NA,NA
hmt,rk96,4,NA,NA,NA
ep,ek,4,NA,NA,NA
ep,ds,4,NA,NA,NA
jv,aa95,4,NA,NA,NA
v_moskau,rus,5,NA,NA,NA
v_leninogorsk,rus,5,NA,NA,NA
v_ljubno,slo,5,NA,NA,NA
v_seekirchen,aut,5,NA,NA,NA
v_velenje,slo,5,NA,NA,NA
v_jablonec,cze,5,NA,NA,NA
v_otaru,jpn,5,NA,NA,NA
aw76,v_stjohann,6,NA,NA,NA
as73,v_stjohann,6,NA,NA,NA
hmt,v_otaru,6,NA,NA,NA
rk96,oly22,7,4,oly22,2022
mf,oly22,7,3,oly22,2022
dk,oly22,7,2,oly22,2022
pp92,oly22,7,1,oly22,2022
ek,oly22,7,1,oly22,2022
ks87,oly22,7,1,oly22,2022
ml,oly22,7,1,oly22,2022
ds,oly22,7,1,oly22,2022
tz,oly22,7,1,oly22,2022
sk,oly22,7,1,oly22,2022
cs,oly22,7,1,oly22,2022
aa95,oly22,7,1,oly22,2022
al96,oly22,7,1,oly22,2022
dh,oly22,7,1,oly22,2022
kg,oly22,7,1,oly22,2022
sh69t,oly22,8,NA,oly22,2022
as73,oly22,8,NA,oly22,2022
md,oly22,8,NA,oly22,2022
aw76,oly22,8,NA,oly22,2022
rh88,oly22,8,NA,oly22,2022
tn,oly22,8,NA,oly22,2022
ep,oly22,8,NA,oly22,2022
sh86,v_zakopane_eve,1,NA,NA,NA
dt94,v_kongsberg,1,NA,NA,NA
sh86,pol,2,NA,NA,NA
dt94,nor,2,NA,NA,NA
rf,ger,2,NA,NA,NA
sh69t,pol,3,NA,NA,NA
rh75,sui,3,NA,NA,NA
mz,bul,3,NA,NA,NA
ws69,me,4,NA,NA,NA
ws69,kg,4,NA,NA,NA
as73,dt94,4,NA,NA,NA
sh69t,ks87,4,NA,NA,NA
sh69t,sh86,4,NA,NA,NA
ty,rk96,4,NA,NA,NA
rh75,sa,4,NA,NA,NA
mz,vz,4,NA,NA,NA
v_ruhpolding,ger,5,NA,NA,NA
aw95,oly18,7,4,oly18,2018
jf,oly18,7,3,oly18,2018
rj90,oly18,7,2,oly18,2018
ks87,oly18,7,1,oly18,2018
sh86,oly18,7,1,oly18,2018
dt94,oly18,7,1,oly18,2018
rk96,oly18,7,1,oly18,2018
me,oly18,7,1,oly18,2018
rf,oly18,7,1,oly18,2018
kg,oly18,7,1,oly18,2018
sa,oly18,7,1,oly18,2018
pp92,oly18,7,1,oly18,2018
sk,oly18,7,1,oly18,2018
vz,oly18,7,1,oly18,2018
as88,oly18,7,1,oly18,2018
ws69,oly18,8,NA,oly18,2018
as73,oly18,8,NA,oly18,2018
sh69t,oly18,8,NA,oly18,2018
hk,oly18,8,NA,oly18,2018
gj,oly18,8,NA,oly18,2018
ty,oly18,8,NA,oly18,2018
rh75,oly18,8,NA,oly18,2018
td,v_hinzenbach,1,NA,NA,NA
af91,v_hornindal,1,NA,NA,NA
td,aut,2,NA,NA,NA
af91,nor,2,NA,NA,NA
as73,ab,4,NA,NA,NA
as73,af91,4,NA,NA,NA
ap,td,4,NA,NA,NA
ap,mh91,4,NA,NA,NA
gj,jd,4,NA,NA,NA
ty,nk,4,NA,NA,NA
v_hinterzarten,ger,5,NA,NA,NA
ks87,oly14,7,4,oly14,2014
pp92,oly14,7,3,oly14,2014
ab,oly14,7,2,oly14,2014
td,oly14,7,1,oly14,2014
mh91,oly14,7,1,oly14,2014
aw95,oly14,7,1,oly14,2014
mk91a,oly14,7,1,oly14,2014
nk,oly14,7,1,oly14,2014
jd,oly14,7,1,oly14,2014
aw88,oly14,7,1,oly14,2014
gs90,oly14,7,1,oly14,2014
ak88,oly14,7,1,oly14,2014
jz,oly14,7,1,oly14,2014
tm,oly14,7,1,oly14,2014
af91,oly14,7,1,oly14,2014
ws69,oly14,8,NA,oly14,2014
as73,oly14,8,NA,oly14,2014
lk75,oly14,8,NA,oly14,2014
ap,oly14,8,NA,oly14,2014
gj,oly14,8,NA,oly14,2014
ty,oly14,8,NA,oly14,2014
pn,oly14,8,NA,oly14,2014
am,v_wisla,1,NA,NA,NA
am,pol,2,NA,NA,NA
lk75,pol,3,NA,NA,NA
mz,slo,3,NA,NA,NA
lk75,am,4,NA,NA,NA
jv,ja,4,NA,NA,NA
mz,pp92,4,NA,NA,NA
mk63,th,4,NA,NA,NA
dj,rk89,4,NA,NA,NA
dj,jj,4,NA,NA,NA
v_furtwangen,ger,5,NA,NA,NA
v_bystra,pol,5,NA,NA,NA
ws69,v_woergl,6,NA,NA,NA
mk63,v_lahden,6,NA,NA,NA
mz,v_kranj,6,NA,NA,NA
lk75,v_bystra,6,NA,NA,NA
sa,oly10,7,4,oly10,2010
am,oly10,7,3,oly10,2010
gs90,oly10,7,2,oly10,2010
ja,oly10,7,1,oly10,2010
mu,oly10,7,1,oly10,2010
rk81,oly10,7,1,oly10,2010
pp92,oly10,7,1,oly10,2010
tm,oly10,7,1,oly10,2010
aj,oly10,7,1,oly10,2010
ms,oly10,7,1,oly10,2010
wl,oly10,7,1,oly10,2010
th,oly10,7,1,oly10,2010
rk89,oly10,7,1,oly10,2010
jj,oly10,7,1,oly10,2010
di85,oly10,7,1,oly10,2010
bs,oly10,8,NA,oly10,2010
lk75,oly10,8,NA,oly10,2010
ap,oly10,8,NA,oly10,2010
jv,oly10,8,NA,oly10,2010
ws69,oly10,8,NA,oly10,2010
mz,oly10,8,NA,oly10,2010
mk63,oly10,8,NA,oly10,2010
dj,oly10,8,NA,oly10,2010
ty,oly10,8,NA,oly10,2010
ak79,v_einsiedeln,1,NA,NA,NA
mn,v_oberstdorf,1,NA,NA,NA
mm80,v_einsiedeln,1,NA,NA,NA
ak79,sui,2,NA,NA,NA
mn,ger,2,NA,NA,NA
mm80,sui,2,NA,NA,NA
vb,cze,3,NA,NA,NA
pr62,mu,4,NA,NA,NA
pr62,mn,4,NA,NA,NA
bs,mm80,4,NA,NA,NA
ep,dv,4,NA,NA,NA
vb,jj,4,NA,NA,NA
v_einsiedeln,sui,5,NA,NA,NA
lb,oly06,7,4,oly06,2006
mh81,oly06,7,3,oly06,2006
rl,oly06,7,2,oly06,2006
mu,oly06,7,1,oly06,2006
ak79,oly06,7,1,oly06,2006
ja,oly06,7,1,oly06,2006
am,oly06,7,1,oly06,2006
mn,oly06,7,1,oly06,2006
tm,oly06,7,1,oly06,2006
dv,oly06,7,1,oly06,2006
ak84,oly06,7,1,oly06,2006
gs81,oly06,7,1,oly06,2006
jj,oly06,7,1,oly06,2006
mm80,oly06,7,1,oly06,2006
br,oly06,7,1,oly06,2006
mk63,oly06,8,NA,oly06,2006
tn,oly06,8,NA,oly06,2006
pr62,oly06,8,NA,oly06,2006
bs,oly06,8,NA,oly06,2006
hl,oly06,8,NA,oly06,2006
ap,oly06,8,NA,oly06,2006
ws63,oly06,8,NA,oly06,2006
vb,oly06,8,NA,oly06,2006
sh74,v_hinterzarten,1,NA,NA,NA
ms,v_furtwangen,1,NA,NA,NA
pp79,v_kranj,1,NA,NA,NA
aa80,v_alaskajumping,1,NA,NA,NA
pz79,v_dolomiti,1,NA,NA,NA
mk82,v_villach,1,NA,NA,NA
sh74,ger,2,NA,NA,NA
ms,ger,2,NA,NA,NA
pp79,slo,2,NA,NA,NA
aa80,usa,2,NA,NA,NA
sh69s,aut,2,NA,NA,NA
pz79,slo,2,NA,NA,NA
mk82,aut,2,NA,NA,NA
vb,jpn,3,NA,NA,NA
ky,usa,3,NA,NA,NA
as,fin,3,NA,NA,NA
rh45,sh74,4,NA,NA,NA
rh45,ms,4,NA,NA,NA
vb,kf,4,NA,NA,NA
mz,pp79,4,NA,NA,NA
mz,pz79,4,NA,NA,NA
as,am,4,NA,NA,NA
v_fitski,jpn,5,NA,NA,NA
v_kranj,slo,5,NA,NA,NA
v_alaskajumping,usa,5,NA,NA,NA
v_dolomiti,slo,5,NA,NA,NA
rh45,v_lauscha,6,NA,NA,NA
sa,oly02,7,4,oly02,2002
sh74,oly02,7,3,oly02,2002
am,oly02,7,2,oly02,2002
ja,oly02,7,1,oly02,2002
vl83,oly02,7,1,oly02,2002
mh81,oly02,7,1,oly02,2002
ms,oly02,7,1,oly02,2002
mu,oly02,7,1,oly02,2002
kf,oly02,7,1,oly02,2002
pp79,oly02,7,1,oly02,2002
aa80,oly02,7,1,oly02,2002
sh69s,oly02,7,1,oly02,2002
pz79,oly02,7,1,oly02,2002
mk82,oly02,7,1,oly02,2002
rk81,oly02,7,1,oly02,2002
bs,oly02,8,NA,oly02,2002
rh45,oly02,8,NA,oly02,2002
at,oly02,8,NA,oly02,2002
mk63,oly02,8,NA,oly02,2002
vb,oly02,8,NA,oly02,2002
mz,oly02,8,NA,oly02,2002
ky,oly02,8,NA,oly02,2002
hl,oly02,8,NA,oly02,2002
as,oly02,8,NA,oly02,2002