id,name,type,nationality,team,debut_year,last_year,active,birth_year
pw,Pawel Wasek,1,Poland,WSS Wisla,2018,NA,yes,1999
lb,Lars Bystoel,1,Norway,Eldar IL,2002,2008,no,1978
rk96,Ryoyu Kobayashi,1,Japanese,Tsuchiya Home Ski Team,2013,NA,yes,1996
mf,Manuel Fettner,1,Austrian,SV Innsbruck Bergisel,2001,NA,yes,1985
dk,Dawid Kubacki,1,Polish,TS Wisla Zakopane,2004,NA,yes,1990
ek,Evgeniy Klimov,1,Russian,GBU TSOVS Moskovskaya obl MBU SSHOR,2014,NA,yes,1994
ks87,Kamil Stoch,1,Polish,KS Eve nement Zakopane,2003,NA,yes,1987
ml,Marius Lindvik,1,Norwegian,Raelingen SK,2011,NA,yes,1998
ds,Danil Sadreev,1,Russian,MBU DO Sshor Leninogorsk,2018,NA,yes,2003
tz,Timi Zajc,1,Slovenian,SSK Ljubno BTC,2013,NA,yes,2000
sk,Stefan Kraft,1,Austrian,SV Schwarzach,2007,NA,yes,1993
cs,Constantin Schmid,1,German,WSV Oberaudorf,2013,NA,yes,1999
aa95,Antti Aalto,1,Finnish,Kiteen Urheilijat,2012,NA,yes,1995
al96,Anze Lanisek,1,Slovenian,SSK Menges,2010,NA,yes,1996
dh,Daniel Huber,1,Austrian,SC Seekirchen,2008,NA,yes,1993
kg,Karl Geiger,1,German,SC Oberstdorf,2008,NA,yes,1993
aw95,Andreas Wellinger,1,German,SC Ruhpolding,2011,NA,yes,1995
jf,Johann Andre Forfang,1,Norwegian,Tromsoe SK,2008,NA,yes,1995
rj90,Robert Johansson,1,Norwegian,Soere Al IL,2006,NA,yes,1990
sh86,Stefan Hula,1,Polish,KS Eve nement Zakopane,2002,2023,no,1986
dt94,Daniel Andre Tande,1,Norwegian,Kongsberg IF,2008,NA,yes,1994
me,Markus Eisenbichler,1,German,TSV Siegsdorf,2006,NA,yes,1991
rf,Richard Freitag,1,German,SG Medizin Bad Elster,2006,2022,no,1991
mh74,Martin Hoellwarth,1,Austrian,SC Mayrhofen,1991,2008,no,1974
vz,Vladimir Zografski,1,Bulgarian,NSA,2005,NA,yes,1993
as88,Andreas Stjernen,1,Norwegian,Sprova IL,2005,2019,no,1988
td,Thomas Diethart,1,Austrian,UVB Hinzenbach,2007,2021,no,1992
mh91,Michael Hayboeck,1,Austrian,UVB Hinzenbach,2006,2025,no,1991
mk91a,Maciej Kot,1,Polish,AZS Zakopane,2006,NA,yes,1991
nk,Noriaki Kasai,1,Japanese,Tsuchiya Home,1988,NA,yes,1972
jd,Jernej Damjan,1,Slovenian,SSK Sam Ihan,2001,2021,no,1983
jz,Jan Ziobro,1,Polish,WKS Zakopane,2006,2017,no,1991
tm,Thomas Morgenstern,1,Austrian,SV Villach,2002,2014,no,1986
af91,Anders Fannemel,1,Norwegian,Hornindal IL,2007,2023,no,1991
sf,Severin Freund,1,German,WSV DJK Rastbuechl,2002,2022,no,1988
ag,Andreas Goldberger,1,Austrian,SC Waldzell,1991,2005,no,1972
mu,Michael Uhrmann,1,German,WSV DJK Rastbuechl,1994,2011,no,1978
rk81,Robert Kranjec,1,Slovenian,SK Triglav Kranj,1998,2019,no,1981
aj,Anders Jacobsen,1,Norwegian,Ringkollen SK,2003,2015,no,1985
ms,Martin Schmitt,1,German,SC Furtwangen,1997,2014,no,1978
wl,Wolfgang Loitzl,1,Austrian,WSC Bad Mitterndorf,1997,2015,no,1980
th,Tom Hilde,1,Norwegian,Asker SK,2004,2018,no,1987
rk89,Roman Koudelka,1,Czech,LSK Lomnice,2004,NA,yes,1989
jj,Jakub Janda,1,Czech,TJ Dukla Liberec,1996,2017,no,1978
di85,Daiki Ito,1,Japanese,Megmilk Snow Brand,2002,2022,no,1985
vk,Ville Kantee,1,Finnish,Puijon Hiihtoseura,1996,2004,no,1978
if,Ildar Fatchullin,1,Russian,CSK Lokomotiva Ufa,1999,2007,no,1982
rj75,Risto Jussilainen,1,Finnish,Jyvaeskylaen Hiihtoseura,1992,2007,no,1975
ws76,Wojciech Skupien,1,Polish,WKS Zakopane,1992,2009,no,1976
ti,Tommy Ingebrigsten,1,Norwegian,Byaasen IL,1993,2007,no,1977
tk,Tami Kiuru,1,Finnish,Lahden Hiihtoseura,1993,2009,no,1976
al84,Arttu Lappi,1,Finnish,Puijon Hiihtoseura,2001,2010,no,1984
br,Bjoern Einar Romoeren,1,Norwegian,Oevrevoll Hosle IL,2001,2014,no,1981
rb,Rok Benkovic,1,Slovenian,SSK Menges,2001,2007,no,1986
gs81,Georg Spaeth,1,German,SC Oberstdorf,1998,2012,no,1981
rl,Roar Ljoekelsoey,1,Norwegian,Orkdal IL,1993,2010,no,1976
sp,Sigurd Pettersen,1,Norwegian,Rollag Veggli,2001,2009,no,1980
jh79,Jussi Hautamaeki,1,Finnish,Puijon Hiihtoseura,1995,2009,no,1979
jh98,Jan Hoerl,1,Austrian,SC Bischofshofen,2014,NA,yes,1998
ak84,Andreas Kofler,1,Austrian,SV Innsbruck Bergisel,2002,2019,no,1984
gs90,Gregor Schlierenzauer,1,Austrian,SV Innsbruck Bergisel,2004,2021,no,1990
di84,Dimitry Ipatov,1,Russian,Osvsm Magadan,2002,2013,no,1984
jr,Joerg Ritzerfeld,1,German,WSV Oberhof 05,2001,2011,no,1983
vl90,Ville Larinto,1,Finnish,Lahden Hiihtoseura,2006,2018,no,1990
ab,Anders Bardal,1,Norwegian,Steinkjer Skiklubb,2001,2015,no,1982
ak88,Anssi Koivuranta,1,Finnish,Kuusamon Erae Veikot,2004,2015,no,1988
ho,Harri Olli,1,Finnish,Ounasvaaran Hiihtoseura,2001,2016,no,1985
to,Takanobu Okabe,1,Japanese,Team Megmilk Snow Brand,1988,2014,no,1970
sc,Sebastian Colloredo,1,Italian,GS Fiamme Gialle,2002,2019,no,1987
pp92,Peter Prevc,1,Slovenian,SK Triglav Kranj,2006,2024,no,1992
sl,Stephan Leyhe,1,German,SC Willingen,2006,2025,no,1992
tt87,Taku Takeuchi,1,Japanese,Team Taku,2005,NA,yes,1987
aw88,Andreas Wank,1,German,SC Hinterzarten,2002,2019,no,1988
jm,Jan Matura,1,Czech,TJ Dukla Liberec,1997,2017,no,1980
vs,Vincent Descombes Sevoie,1,French,Ski Club Les Houches,2002,2018,no,1984
mk91b,Marinus Kraus,1,German,WSV Oberaudorf,2009,2022,no,1991
gd,Gregor Deschwanden,1,Swiss,Skiclub Horw,2006,NA,yes,1991
pa,Philipp Aschenwald,1,Austrian,SC Mayrhofen,2008,NA,yes,1995
ys,Yukiya Sato,1,Japanese,Megmilk Snow Brand Ski Team,2009,NA,yes,1995
kp,Kilian Peier,1,Swiss,Vallee du Joux,2010,NA,yes,1995
pz87,Piotr Zyla,1,Polish,WSS Wisla,2003,NA,yes,1987
hg,Halvor Egner Granerud,1,Norwegian,Asker Skiklubb,2013,NA,yes,1996
bp,Bor Pavlovcic,1,Slovenian,Nd Ratece planica,2011,2023,no,1998
pp90,Pius Paschke,1,German,WSV Kiefersfelden,2005,NA,yes,1990
cp,Cene Prevc,1,Slovenian,Sk Triglav kranj,2011,2022,no,1996
dt02,Daniel Tschofenig,1,Austrian,SV Achomitz Zahomc,2014,NA,yes,2002
nn,Naoki Nakamura,1,Japanese,Flying Laboratory SC,2016,NA,yes,1996
lk99,Lovro Kos,1,Slovenian,SSK Ilirija Ljubljana,2021,NA,yes,1999
pr00,Philipp Raimund,1,German,SC Oberstdorf,2019,NA,yes,2000
sa,Simon Ammann,1,Swiss,SSC Toggenburg,1997,NA,yes,1981
sh74,Sven Hannawald,1,German,SC Hinterzarten,1992,2005,no,1974
am,Adam Malysz,1,Polish,SC Hinterzarten,1994,2011,no,1977
ja,Janne Ahonen,1,Finnish,Lahden Hiihtoseura,1992,2018,no,1995
vl83,Veli Matti Lindstroem,1,Finnish,Lahden Hiihtoseura,1999,2012,no,1983
mh81,Matti Hautamaeki,1,Finnish,Puijon Hiihtoseura,1997,2012,no,1981
kf,Kazuyoshi Funaki,1,Japanese,Fit Ski,1992,NA,yes,1975
pp79,Primoz Peterka,1,Slowenian,SK Triglav Kranj,1996,2011,no,1979
aa80,Alan Alborn,1,American,Alaska Jumping Club,1998,2007,no,1980
pz79,Peter Zonta,1,Slowenian,SK Dolomiti Ljubljana,1995,2007,no,1979
mk82,Martin Koch,1,Austrian,SV Villach,1998,2014,no,1982
ak79,Andreas Kuettel,1,Switzerland,SC Einsiedeln,1995,2011,no,1979
mn,Michael Neumayer,1,Germany,SC Oberstdorf,2000,2016,no,1979
dv,Dmitri Vassiliev,1,Russia,CSKA Lokomotiva Ufa,1998,2021,no,1979
mm80,Michael Moellinger,1,Switzerland,SC Einsiedeln,1999,2008,no,1980
mh68,Masahiko Harada,1,Japanese,Snow Brand,1987,2006,no,1968
hm,Hideharu Miyahira,1,Japanese,Mizuno,1994,2006,no,1973
sh69,Stefan Horngacher,1,Austrian,SC Woergl,1988,2002,no,1969
rv,Rune Velta,1,Norwegian,Lommedalen IL,2007,2016,no,1989
bn,Bine Norcic,2,Slovenian,SK Triglav Kranj,2025,NA,yes,1981
im,Igor Medved,2,Slovenian,SSK Ilirija Fersped,2024,NA,yes,1981
aw76,Andreas Widhoelzl,2,Austrian,SC St Johann,2020,NA,no,1976
rh88,Robert Hrgota,2,Slovenian,SSK Velenje,2020,NA,no,1988
as73,Alexander Stoeckl,2,Austrian,SC St Johann,2011,2024,no,1973
md,Michal Dolezal,2,Czech,SKP Jablonec,2019,NA,no,1978
ep,Evgeniy Plekhov,2,Russian,GBU TSOVS Moskovskaya obl MBU SSHOR,2018,NA,no,1982
jv,Janne Vaeaetaeinnen,2,Finnish,Puijon Hiihtoseura,2008,NA,no,1975
ws69,Werner Schuster,2,Austrian,SC Woergl,2008,2019,no,1969
hk,Heinz Kuttin,2,Austrian,SV Villach,2014,2018,no,1971
es,Emil Sografski,2,Bulgaria,ZSKA Sofia,2025,NA,yes,1969
ty,Tomoharu Yokokawa,2,Japanese,NA,2010,2018,no,1966
rh75,Ronny Hornschuh,2,German,SC Motor Zella Mehlis,2019,2023,no,1975
mz,Matjaz Zupan,2,Slovenian,SK Triglav Kranj,1999,2018,no,1966
rs,Richard Schallert,2,Austrian,SC Brand,2006,2018,no,1964
lk75,Lukasz Kruczek,2,Polish,LKS Klimczok Bystra,2008,2019,no,1975
ap,Alexander Pointner,2,Austrian,SV Innsbruck Bergisel,2004,2014,no,1971
gj,Goran Janus,2,Slovenian,SSK Ilirija Ljubljana,2011,2019,no,1970
pn,Pekka Niemelae,2,Finnish,Puijon Hiihtoseur,2006,2014,no,1974
bs,Berni Schoedler,2,Swiss,NA,2000,2010,no,1971
mk63,Mika Kojonkoski,2,Finnish,NA,1997,2011,no,1963
dj,David Jiroutek,2,Czech,NA,2009,NA,no,1973
mk80,Martin Kuenzle,2,Swiss,NA,2008,2015,no,1980
ws63,Wolfgang Steiert,2,German,SC Hinterzarten,2004,2010,no,1963
ky,Kari Ylianttila,2,Finnish,Ounasvaaran Hiihtoseura,1987,2010,no,1953
tt89,Thomas Thurnbichler,2,Austrian,Kitzbueheler Ski Club,2022,NA,no,1989
gb,Gorazd Bertoncelj,2,Slovenian,NA,2018,2020,no,1976
jk,Jani Klinga,2,Finnish,NA,2014,2026,no,1975
rc,Roberto Cecon,2,Italian,GS Fiamme Gialle,2009,2011,no,1971
pr62,Peter Rohwein,2,German,NA,2004,2008,no,1962
tn,Tommi Nikunen,2,Finnish,NA,2002,2008,no,1973
hl,Hannu Lepistoe,2,Finnish,NA,1980,2008,no,1946
at,Apoloniusz Tajner,2,Polish,NA,1984,2004,no,1954
rh45,Reinhard Hess,2,German,WSV 08 Lauscha,1988,2003,no,1945
al56,Alois Lipburger,2,Austrian,NA,1999,2001,no,1956
vb,Vasja Bajc,2,Slovenian,SSK Ilirija Ljubljana,1990,NA,no,1962
as,Ari Saukko,2,Finnish,NA,NA,NA,NA,NA
ks90,Kento Sakuyama,2,Japanese,Kitano Construction Corp Ski Team,2008,NA,no,1990
mm82,Maciej Maciusiak,2,Polish,AZS AWF Katowice,2025,NA,no,1982
jt,Jan Tanczos,2,Czech,NA,2002,2012,no,1955
af62,Andreas Felder,2,Austrian,HSV Absam,1995,2020,no,1962
hmt,Hideharu Miyahira,2,Japanese,Otaru Ski Association,2018,2022,no,1973
sh69t,Stefan Horngacher,2,Austrian,SC Woergl,2016,NA,no,1969
mb,Magnus Brevig,2,Norwegian,NA,2024,2025,no,1983
v_kitanoconstruction,Kitano Construction Corp Ski Team,3,NA,NA,NA,NA,NA,NA
v_tsuchiya,Tsuchiya Home Ski Team,3,NA,NA,NA,NA,NA,NA
v_innsbruck,SV Innsbruck Bergisel,3,NA,NA,NA,NA,NA,NA
v_zakopane_wisla,TS Wisla Zakopane,3,NA,NA,NA,NA,NA,NA
v_kranj,SK Triglav Kranj,3,NA,NA,NA,NA,NA,NA
v_moskau,GBU TSOVS Moskovskaya obl MBU SSHOR,3,NA,NA,NA,NA,NA,NA
v_zakopane_eve,KS Eve nement Zakopane,3,NA,NA,NA,NA,NA,NA
v_raelingen,Raelingen SK,3,NA,NA,NA,NA,NA,NA
v_leninogorsk,MBU DO Sshor Leninogorsk,3,NA,NA,NA,NA,NA,NA
v_ljubno,SSK Ljubno BTC,3,NA,NA,NA,NA,NA,NA
v_schwarzach,SV Schwarzach,3,NA,NA,NA,NA,NA,NA
v_oberaudorf,WSV Oberaudorf,3,NA,NA,NA,NA,NA,NA
v_kiteen,Kiteen Urheilijat,3,NA,NA,NA,NA,NA,NA
v_menges,SSK Menges,3,NA,NA,NA,NA,NA,NA
v_seekirchen,SC Seekirchen,3,NA,NA,NA,NA,NA,NA
v_oberstdorf,SC Oberstdorf,3,NA,NA,NA,NA,NA,NA
v_woergl,SC Woergl,3,NA,NA,NA,NA,NA,NA
v_stjohann,SC St Johann,3,NA,NA,NA,NA,NA,NA
v_velenje,SSK Velenje,3,NA,NA,NA,NA,NA,NA
v_jablonec,SKP Jablonec,3,NA,NA,NA,NA,NA,NA
v_otaru,Otaru Ski Association,3,NA,NA,NA,NA,NA,NA
v_puijon,Puijon Hiihtoseura,3,NA,NA,NA,NA,NA,NA
v_ruhpolding,SC Ruhpolding,3,NA,NA,NA,NA,NA,NA
v_tromsoe,Tromsoe SK,3,NA,NA,NA,NA,NA,NA
v_soere,Soere Al IL,3,NA,NA,NA,NA,NA,NA
v_kongsberg,Kongsberg IF,3,NA,NA,NA,NA,NA,NA
v_siegsdorf,TSV Siegsdorf,3,NA,NA,NA,NA,NA,NA
v_badelster,SG Medizin Bad Elster,3,NA,NA,NA,NA,NA,NA
v_toggenburg,SSC Toggenburg,3,NA,NA,NA,NA,NA,NA
v_nsa,NSA,3,NA,NA,NA,NA,NA,NA
v_sprova,Sprova IL,3,NA,NA,NA,NA,NA,NA
v_villach,SV Villach,3,NA,NA,NA,NA,NA,NA
v_ljubljana,SSK Ilirija Ljubljana,3,NA,NA,NA,NA,NA,NA
v_steinkjer,Steinkjer SK,3,NA,NA,NA,NA,NA,NA
v_hinzenbach,UVB Hinzenbach,3,NA,NA,NA,NA,NA,NA
v_zakopane_azs,AZS Zakopane,3,NA,NA,NA,NA,NA,NA
v_ihan,SSK Sam Ihan,3,NA,NA,NA,NA,NA,NA
v_hinterzarten,SC Hinterzarten,3,NA,NA,NA,NA,NA,NA
v_ounasvaara,Ounasvaaran Hiihtoseura,3,NA,NA,NA,NA,NA,NA
v_zakopane_wks,WKS Zakopane,3,NA,NA,NA,NA,NA,NA
v_wisla,KS Wisła Ustronianka,3,NA,NA,NA,NA,NA,NA
v_rastbuechl,WSV DJK Rastbuechl,3,NA,NA,NA,NA,NA,NA
v_ringkollen,Ringkollen SK,3,NA,NA,NA,NA,NA,NA
v_furtwangen,SC Furtwangen,3,NA,NA,NA,NA,NA,NA
v_asker,Asker SK,3,NA,NA,NA,NA,NA,NA
v_megmilk,Megmilk Snow Brand,3,NA,NA,NA,NA,NA,NA
v_bystra,LKS Klimczok Bystra,3,NA,NA,NA,NA,NA,NA
v_lahden,Lahden Hiihtoseura,3,NA,NA,NA,NA,NA,NA
v_bischofshofen,SC Bischofshofen,3,NA,NA,NA,NA,NA,NA
v_achomitz,SV Achomitz Zahomc,3,NA,NA,NA,NA,NA,NA
v_kitzbuehel,Kitzbueheler Ski Club,3,NA,NA,NA,NA,NA,NA
v_wisla_wss,WSS Wisla,3,NA,NA,NA,NA,NA,NA
v_rateceplanica,Nd Ratece planica,3,NA,NA,NA,NA,NA,NA
v_kiefersfelden,WSV Kiefersfelden,3,NA,NA,NA,NA,NA,NA
v_mayrhofen,SC Mayrhofen,3,NA,NA,NA,NA,NA,NA
v_valledejoux,Vallee de Joux,3,NA,NA,NA,NA,NA,NA
v_willingen,SC Willingen,3,NA,NA,NA,NA,NA,NA
v_lommedalen,Lommedalen IL,3,NA,NA,NA,NA,NA,NA
v_hornidal,Hornindal IL,3,NA,NA,NA,NA,NA,NA
v_horw,Skiclub Horw,3,NA,NA,NA,NA,NA,NA
v_brand,SC Brand,3,NA,NA,NA,NA,NA,NA
v_kuusamo,Kuusamon Erae Veikot,3,NA,NA,NA,NA,NA,NA
v_aue,SG Nickelhuette Aue eV,3,NA,NA,NA,NA,NA,NA
v_taku,Team Taku,3,NA,NA,NA,NA,NA,NA
v_leshouches,Ski Club Les Houches,3,NA,NA,NA,NA,NA,NA
v_fiammegialle,GS Fiamme Gialle,3,NA,NA,NA,NA,NA,NA
v_badmitterndorf,WSC Bad Mitterndorf,3,NA,NA,NA,NA,NA,NA
v_snowbrand,Snow Brand,3,NA,NA,NA,NA,NA,NA
v_waldzell,SC Waldzell,3,NA,NA,NA,NA,NA,NA
v_einsiedeln,SC Einsiedeln,3,NA,NA,NA,NA,NA,NA
v_lomnice,LSK Lomnice nad Popelkou,3,NA,NA,NA,NA,NA,NA
v_liberec,TJ Dukla Liberec,3,NA,NA,NA,NA,NA,NA
v_magadan,Osvsm Magadan,3,NA,NA,NA,NA,NA,NA
v_oberhof,WSV Oberhof 05,3,NA,NA,NA,NA,NA,NA
v_orkdal,Orkdal IL,3,NA,NA,NA,NA,NA,NA
v_byaasen,Byaasen IL,3,NA,NA,NA,NA,NA,NA
v_mizuno,Mizuno,3,NA,NA,NA,NA,NA,NA
v_rollag,Rollag Veggli,3,NA,NA,NA,NA,NA,NA
v_oevrevoll,Oevrevoll Hosle IL,3,NA,NA,NA,NA,NA,NA
v_eldar,Eldar IL,3,NA,NA,NA,NA,NA,NA
v_fitski,Fit Ski,3,NA,NA,NA,NA,NA,NA
v_ufa,Lokomotiva,3,NA,NA,NA,NA,NA,NA
v_jyvaeskylaen,Jyvaeskylaen Hiihtoseura,3,NA,NA,NA,NA,NA,NA
v_lauscha,WSV 08 Lauscha,3,NA,NA,NA,NA,NA,NA
v_flyinglaboratory,Flying Laboratory SC,3,NA,NA,NA,NA,NA,NA
v_alaskajumping,Alaska Jumping Club,3,NA,NA,NA,NA,NA,NA
v_dolomiti,SK Dolomiti Ljubljana,3,NA,NA,NA,NA,NA,NA
v_katowice,AZS AWF Katowice,3,NA,NA,NA,NA,NA,NA
v_absam,HSV Absam,3,NA,NA,NA,NA,NA,NA
v_fersped,SSK Ilirija Fersped,3,NA,NA,NA,NA,NA,NA
v_hornindal,Hornindal IL,3,NA,NA,NA,NA,NA,NA
aut,Austria,4,NA,NA,NA,NA,NA,NA
sui,Switzerland,4,NA,NA,NA,NA,NA,NA
pol,Poland,4,NA,NA,NA,NA,NA,NA
ger,Germany,4,NA,NA,NA,NA,NA,NA
fin,Finland,4,NA,NA,NA,NA,NA,NA
cze,Czech Republic,4,NA,NA,NA,NA,NA,NA
rus,Russia,4,NA,NA,NA,NA,NA,NA
jpn,Japan,4,NA,NA,NA,NA,NA,NA
ita,Italy,4,NA,NA,NA,NA,NA,NA
nor,Norway,4,NA,NA,NA,NA,NA,NA
fra,France,4,NA,NA,NA,NA,NA,NA
slo,Slovenia,4,NA,NA,NA,NA,NA,NA
bul,Bulgaria,4,NA,NA,NA,NA,NA,NA
usa,United States of America,4,NA,NA,NA,NA,NA,NA
wc25,World Championship 2025,5,NA,NA,NA,NA,NA,NA
wc23,World Championship 2023,5,NA,NA,NA,NA,NA,NA
wc21,World Championship 2021,5,NA,NA,NA,NA,NA,NA
wc19,World Championship 2019,5,NA,NA,NA,NA,NA,NA
wc17,World Championship 2017,5,NA,NA,NA,NA,NA,NA
wc15,World Championship 2015,5,NA,NA,NA,NA,NA,NA
wc13,World Championship 2013,5,NA,NA,NA,NA,NA,NA
wc11,World Championship 2011,5,NA,NA,NA,NA,NA,NA
wc09,World Championship 2009,5,NA,NA,NA,NA,NA,NA
wc07,World Championship 2007,5,NA,NA,NA,NA,NA,NA
wc05,World Championship 2005,5,NA,NA,NA,NA,NA,NA
wc03,World Championship 2003,5,NA,NA,NA,NA,NA,NA
wc01,World Championship 2001,5,NA,NA,NA,NA,NA,NA
oly22,Olympische Winterspiele 2022,5,NA,NA,NA,NA,NA,NA
oly18,Olympische Winterspiele 2018,5,NA,NA,NA,NA,NA,NA
oly14,Olympische Winterspiele 2014,5,NA,NA,NA,NA,NA,NA
oly10,Olympische Winterspiele 2010,5,NA,NA,NA,NA,NA,NA
oly06,Olympische Winterspiele 2006,5,NA,NA,NA,NA,NA,NA
oly02,Olympische Winterspiele 2002,5,NA,NA,NA,NA,NA,NA