id,name,type,nationality,team,debut_year,last_year,active,birth_year,country,region
pw,Pawel Wasek,1,Polish,WSS Wisla,2018,NA,yes,1999,NA,NA
lb,Lars Bystoel,1,Norwegian,Eldar IL,2002,2008,no,1978,NA,NA
rk96,Ryoyu Kobayashi,1,Japanese,Tsuchiya Home Ski Team,2013,NA,yes,1996,NA,NA
mf,Manuel Fettner,1,Austrian,SV Innsbruck Bergisel,2001,NA,yes,1985,NA,NA
dk,Dawid Kubacki,1,Polish,TS Wisla Zakopane,2004,NA,yes,1990,NA,NA
ek,Evgeniy Klimov,1,Russian,GBU TSOVS Moskovskaya obl MBU SSHOR,2014,NA,yes,1994,NA,NA
ks87,Kamil Stoch,1,Polish,KS Eve nement Zakopane,2003,NA,yes,1987,NA,NA
ml,Marius Lindvik,1,Norwegian,Raelingen SK,2011,NA,yes,1998,NA,NA
ds,Danil Sadreev,1,Russian,MBU DO Sshor Leninogorsk,2018,NA,yes,2003,NA,NA
tz,Timi Zajc,1,Slovenian,SSK Ljubno BTC,2013,NA,yes,2000,NA,NA
sk,Stefan Kraft,1,Austrian,SV Schwarzach,2007,NA,yes,1993,NA,NA
cs,Constantin Schmid,1,German,WSV Oberaudorf,2013,NA,yes,1999,NA,NA
aa95,Antti Aalto,1,Finnish,Kiteen Urheilijat,2012,NA,yes,1995,NA,NA
al96,Anze Lanisek,1,Slovenian,SSK Menges,2010,NA,yes,1996,NA,NA
dh,Daniel Huber,1,Austrian,SC Seekirchen,2008,NA,yes,1993,NA,NA
kg,Karl Geiger,1,German,SC Oberstdorf,2008,NA,yes,1993,NA,NA
aw95,Andreas Wellinger,1,German,SC Ruhpolding,2011,NA,yes,1995,NA,NA
jf,Johann Andre Forfang,1,Norwegian,Tromsoe SK,2008,NA,yes,1995,NA,NA
rj90,Robert Johansson,1,Norwegian,Soere Al IL,2006,NA,yes,1990,NA,NA
sh86,Stefan Hula,1,Polish,KS Eve nement Zakopane,2002,2023,no,1986,NA,NA
dt94,Daniel Andre Tande,1,Norwegian,Kongsberg IF,2008,NA,yes,1994,NA,NA
me,Markus Eisenbichler,1,German,TSV Siegsdorf,2006,NA,yes,1991,NA,NA
rf,Richard Freitag,1,German,SG Nickelhuette Aue,2006,2022,no,1991,NA,NA
mh74,Martin Hoellwarth,1,Austrian,SC Mayrhofen,1991,2008,no,1974,NA,NA
vz,Vladimir Zografski,1,Bulgarian,NSA,2005,NA,yes,1993,NA,NA
as88,Andreas Stjernen,1,Norwegian,Sprova IL,2005,2019,no,1988,NA,NA
td,Thomas Diethart,1,Austrian,UVB Hinzenbach,2007,2021,no,1992,NA,NA
mh91,Michael Hayboeck,1,Austrian,UVB Hinzenbach,2006,2025,no,1991,NA,NA
mk91a,Maciej Kot,1,Polish,AZS Zakopane,2006,NA,yes,1991,NA,NA
nk,Noriaki Kasai,1,Japanese,Tsuchiya Home,1988,NA,yes,1972,NA,NA
jd,Jernej Damjan,1,Slovenian,SSK Sam Ihan,2001,2021,no,1983,NA,NA
jz,Jan Ziobro,1,Polish,WKS Zakopane,2006,2017,no,1991,NA,NA
tm,Thomas Morgenstern,1,Austrian,SV Villach,2002,2014,no,1986,NA,NA
af91,Anders Fannemel,1,Norwegian,Hornindal IL,2007,2023,no,1991,NA,NA
sf,Severin Freund,1,German,WSV DJK Rastbuechl,2002,2022,no,1988,NA,NA
ag,Andreas Goldberger,1,Austrian,SC Waldzell,1991,2005,no,1972,NA,NA
mu,Michael Uhrmann,1,German,WSV DJK Rastbuechl,1994,2011,no,1978,NA,NA
rk81,Robert Kranjec,1,Slovenian,SK Triglav Kranj,1998,2019,no,1981,NA,NA
aj,Anders Jacobsen,1,Norwegian,Ringkollen SK,2003,2015,no,1985,NA,NA
ms,Martin Schmitt,1,German,SC Furtwangen,1997,2014,no,1978,NA,NA
wl,Wolfgang Loitzl,1,Austrian,WSC Bad Mitterndorf,1997,2015,no,1980,NA,NA
th,Tom Hilde,1,Norwegian,Asker SK,2004,2018,no,1987,NA,NA
rk89,Roman Koudelka,1,Czech,LSK Lomnice,2004,NA,yes,1989,NA,NA
jj,Jakub Janda,1,Czech,TJ Dukla Liberec,1996,2017,no,1978,NA,NA
di85,Daiki Ito,1,Japanese,Megmilk Snow Brand,2002,2022,no,1985,NA,NA
vk,Ville Kantee,1,Finnish,Puijon Hiihtoseura,1996,2004,no,1978,NA,NA
if,Ildar Fatchullin,1,Russian,CSK Lokomotiva Ufa,1999,2007,no,1982,NA,NA
rj75,Risto Jussilainen,1,Finnish,Jyvaeskylaen Hiihtoseura,1992,2007,no,1975,NA,NA
ws76,Wojciech Skupien,1,Polish,WKS Zakopane,1992,2009,no,1976,NA,NA
ti,Tommy Ingebrigsten,1,Norwegian,Byaasen IL,1993,2007,no,1977,NA,NA
tk,Tami Kiuru,1,Finnish,Lahden Hiihtoseura,1993,2009,no,1976,NA,NA
al84,Arttu Lappi,1,Finnish,Puijon Hiihtoseura,2001,2010,no,1984,NA,NA
br,Bjoern Einar Romoeren,1,Norwegian,Oevrevoll Hosle IL,2001,2014,no,1981,NA,NA
rb,Rok Benkovic,1,Slovenian,SSK Menges,2001,2007,no,1986,NA,NA
gs81,Georg Spaeth,1,German,SC Oberstdorf,1998,2012,no,1981,NA,NA
rl,Roar Ljoekelsoey,1,Norwegian,Orkdal IL,1993,2010,no,1976,NA,NA
sp,Sigurd Pettersen,1,Norwegian,Rollag Veggli,2001,2009,no,1980,NA,NA
jh79,Jussi Hautamaeki,1,Finnish,Puijon Hiihtoseura,1995,2009,no,1979,NA,NA
jh98,Jan Hoerl,1,Austrian,SC Bischofshofen,2014,NA,yes,1998,NA,NA
ak84,Andreas Kofler,1,Austrian,SV Innsbruck Bergisel,2002,2019,no,1984,NA,NA
gs90,Gregor Schlierenzauer,1,Austrian,SV Innsbruck Bergisel,2004,2021,no,1990,NA,NA
di84,Dimitry Ipatov,1,Russian,Osvsm Magadan,2002,2013,no,1984,NA,NA
jr,Joerg Ritzerfeld,1,German,WSV Oberhof 05,2001,2011,no,1983,NA,NA
vl90,Ville Larinto,1,Finnish,Lahden Hiihtoseura,2006,2018,no,1990,NA,NA
ab,Anders Bardal,1,Norwegian,Steinkjer Skiklubb,2001,2015,no,1982,NA,NA
ak88,Anssi Koivuranta,1,Finnish,Kuusamon Erae Veikot,2004,2015,no,1988,NA,NA
ho,Harri Olli,1,Finnish,Ounasvaaran Hiihtoseura,2001,2016,no,1985,NA,NA
to,Takanobu Okabe,1,Japanese,Megmilk Snow Brand,1988,2014,no,1970,NA,NA
sc,Sebastian Colloredo,1,Italian,GS Fiamme Gialle,2002,2019,no,1987,NA,NA
pp92,Peter Prevc,1,Slovenian,SK Triglav Kranj,2006,2024,no,1992,NA,NA
sl,Stephan Leyhe,1,German,SC Willingen,2006,2025,no,1992,NA,NA
tt87,Taku Takeuchi,1,Japanese,Team Taku,2005,NA,yes,1987,NA,NA
aw88,Andreas Wank,1,German,SC Hinterzarten,2002,2019,no,1988,NA,NA
jm,Jan Matura,1,Czech,TJ Dukla Liberec,1997,2017,no,1980,NA,NA
vs,Vincent Descombes Sevoie,1,French,Ski Club Les Houches,2002,2018,no,1984,NA,NA
mk91b,Marinus Kraus,1,German,WSV Oberaudorf,2009,2022,no,1991,NA,NA
gd,Gregor Deschwanden,1,Swiss,Skiclub Horw,2006,NA,yes,1991,NA,NA
pa,Philipp Aschenwald,1,Austrian,SC Mayrhofen,2008,NA,yes,1995,NA,NA
ys,Yukiya Sato,1,Japanese,Megmilk Snow Brand,2009,NA,yes,1995,NA,NA
kp,Kilian Peier,1,Swiss,Vallee du Joux,2010,NA,yes,1995,NA,NA
pz87,Piotr Zyla,1,Polish,WSS Wisla,2003,NA,yes,1987,NA,NA
hg,Halvor Egner Granerud,1,Norwegian,Asker Skiklubb,2013,NA,yes,1996,NA,NA
bp,Bor Pavlovcic,1,Slovenian,Nd Ratece planica,2011,2023,no,1998,NA,NA
pp90,Pius Paschke,1,German,WSV Kiefersfelden,2005,NA,yes,1990,NA,NA
cp,Cene Prevc,1,Slovenian,Sk Triglav kranj,2011,2022,no,1996,NA,NA
dt02,Daniel Tschofenig,1,Austrian,SV Achomitz Zahomc,2014,NA,yes,2002,NA,NA
nn,Naoki Nakamura,1,Japanese,Flying Laboratory SC,2016,NA,yes,1996,NA,NA
lk99,Lovro Kos,1,Slovenian,SSK Ilirija Ljubljana,2021,NA,yes,1999,NA,NA
pr00,Philipp Raimund,1,German,SC Oberstdorf,2019,NA,yes,2000,NA,NA
sa,Simon Ammann,1,Swiss,SSC Toggenburg,1997,NA,yes,1981,NA,NA
sh74,Sven Hannawald,1,German,SC Hinterzarten,1992,2005,no,1974,NA,NA
am,Adam Malysz,1,Polish,KS Wisla Ustronianka,1994,2011,no,1977,NA,NA
ja,Janne Ahonen,1,Finnish,Lahden Hiihtoseura,1992,2018,no,1995,NA,NA
vl83,Veli Matti Lindstroem,1,Finnish,Lahden Hiihtoseura,1999,2012,no,1983,NA,NA
mh81,Matti Hautamaeki,1,Finnish,Puijon Hiihtoseura,1997,2012,no,1981,NA,NA
kf,Kazuyoshi Funaki,1,Japanese,Fit Ski,1992,NA,yes,1975,NA,NA
pp79,Primoz Peterka,1,Slovenian,SK Triglav Kranj,1996,2011,no,1979,NA,NA
aa80,Alan Alborn,1,American,Alaska Jumping Club,1998,2007,no,1980,NA,NA
pz79,Peter Zonta,1,Slovenian,SK Dolomiti Ljubljana,1995,2007,no,1979,NA,NA
mk82,Martin Koch,1,Austrian,SV Villach,1998,2014,no,1982,NA,NA
ak79,Andreas Kuettel,1,Swiss,SC Einsiedeln,1995,2011,no,1979,NA,NA
mn,Michael Neumayer,1,German,SC Oberstdorf,2000,2016,no,1979,NA,NA
dv,Dmitri Vassiliev,1,Russian,CSKA Lokomotiva Ufa,1998,2021,no,1979,NA,NA
mm80,Michael Moellinger,1,Swiss,SC Einsiedeln,1999,2008,no,1980,NA,NA
mh68,Masahiko Harada,1,Japanese,Megmilk Snow Brand,1987,2006,no,1968,NA,NA
hms,Hideharu Miyahira Springer,1,Japanese,Mizuno,1994,2006,no,1973,NA,NA
sh69s,Stefan Horngacher Springer,1,Austrian,SC Woergl,1988,2002,no,1969,NA,NA
rv,Rune Velta,1,Norwegian,Lommedalen IL,2007,2016,no,1989,NA,NA
bn,Bine Norcic,2,Slovenian,SK Triglav Kranj,2025,NA,yes,1981,NA,NA
im,Igor Medved,2,Slovenian,SSK Ilirija Fersped,2024,NA,yes,1981,NA,NA
aw76,Andreas Widhoelzl,2,Austrian,SC St Johann,2020,NA,no,1976,NA,NA
rh88,Robert Hrgota,2,Slovenian,SSK Velenje,2020,NA,no,1988,NA,NA
as73,Alexander Stoeckl,2,Austrian,SC St Johann,2011,2024,no,1973,NA,NA
md,Michal Dolezal,2,Czech,SKP Jablonec,2019,NA,no,1978,NA,NA
ep,Evgeniy Plekhov,2,Russian,GBU TSOVS Moskovskaya obl MBU SSHOR,2018,NA,no,1982,NA,NA
jv,Janne Vaeaetaeinnen,2,Finnish,Puijon Hiihtoseura,2008,NA,no,1975,NA,NA
ws69,Werner Schuster,2,Austrian,SV Kleinwalsertal,2008,2019,no,1969,NA,NA
hk,Heinz Kuttin,2,Austrian,SV Villach,2014,2018,no,1971,NA,NA
es,Emil Sografski,2,Bulgarian,ZSKA Sofia,2025,NA,yes,1969,NA,NA
ty,Tomoharu Yokokawa,2,Japanese,NA,2010,2018,no,1966,NA,NA
rh75,Ronny Hornschuh,2,German,SC Motor Zella Mehlis,2019,2023,no,1975,NA,NA
mz,Matjaz Zupan,2,Slovenian,SK Triglav Kranj,1999,2018,no,1966,NA,NA
rs,Richard Schallert,2,Austrian,SC Brand,2006,2018,no,1964,NA,NA
lk75,Lukasz Kruczek,2,Polish,LKS Klimczok Bystra,2008,2019,no,1975,NA,NA
ap,Alexander Pointner,2,Austrian,SV Innsbruck Bergisel,2004,2014,no,1971,NA,NA
gj,Goran Janus,2,Slovenian,SSK Ilirija Ljubljana,2011,2019,no,1970,NA,NA
pn,Pekka Niemelae,2,Finnish,Puijon Hiihtoseur,2006,2014,no,1974,NA,NA
bs,Berni Schoedler,2,Swiss,NA,2000,2010,no,1971,NA,NA
mk63,Mika Kojonkoski,2,Finnish,NA,1997,2011,no,1963,NA,NA
dj,David Jiroutek,2,Czech,NA,2009,NA,no,1973,NA,NA
mk80,Martin Kuenzle,2,Swiss,NA,2008,2015,no,1980,NA,NA
ws63,Wolfgang Steiert,2,German,SC Hinterzarten,2004,2010,no,1963,NA,NA
ky,Kari Ylianttila,2,Finnish,Ounasvaaran Hiihtoseura,1987,2010,no,1953,NA,NA
tt89,Thomas Thurnbichler,2,Austrian,Kitzbueheler Ski Club,2022,NA,no,1989,NA,NA
gb,Gorazd Bertoncelj,2,Slovenian,NA,2018,2020,no,1976,NA,NA
jk,Jani Klinga,2,Finnish,NA,2014,2026,no,1975,NA,NA
rc,Roberto Cecon,2,Italian,GS Fiamme Gialle,2009,2011,no,1971,NA,NA
pr62,Peter Rohwein,2,German,NA,2004,2008,no,1962,NA,NA
tn,Tommi Nikunen,2,Finnish,NA,2002,2008,no,1973,NA,NA
hl,Hannu Lepistoe,2,Finnish,NA,1980,2008,no,1946,NA,NA
at,Apoloniusz Tajner,2,Polish,NA,1984,2004,no,1954,NA,NA
rh45,Reinhard Hess,2,German,WSV 08 Lauscha,1988,2003,no,1945,NA,NA
al56,Alois Lipburger,2,Austrian,NA,1999,2001,no,1956,NA,NA
vb,Vasja Bajc,2,Slovenian,SSK Ilirija Ljubljana,1990,NA,no,1962,NA,NA
as,Ari Saukko,2,Finnish,NA,NA,NA,NA,NA,NA,NA
ks90,Kento Sakuyama,2,Japanese,Kitano Construction Corp Ski Team,2008,NA,no,1990,NA,NA
mm82,Maciej Maciusiak,2,Polish,AZS AWF Katowice,2025,NA,no,1982,NA,NA
jt,Jan Tanczos,2,Czech,NA,2002,2012,no,1955,NA,NA
af62,Andreas Felder,2,Austrian,HSV Absam,1995,2020,no,1962,NA,NA
hmt,Hideharu Miyahira Trainer,2,Japanese,Otaru Ski Association,2018,2022,no,1973,NA,NA
sh69t,Stefan Horngacher Trainer,2,Austrian,SC Woergl,2016,NA,no,1969,NA,NA
mb,Magnus Brevig,2,Norwegian,NA,2024,2025,no,1983,NA,NA
v_kitanoconstruction,Kitano Construction Corp Ski Team,3,NA,NA,NA,NA,NA,NA,Japan,Nagano
v_tsuchiya,Tsuchiya Home Ski Team,3,NA,NA,NA,NA,NA,NA,Japan,Hokkaido
v_innsbruck,SV Innsbruck Bergisel,3,NA,NA,NA,NA,NA,NA,Austria,Tirol
v_zakopane_wisla,TS Wisla Zakopane,3,NA,NA,NA,NA,NA,NA,Poland,Kleinpolen
v_kranj,SK Triglav Kranj,3,NA,NA,NA,NA,NA,NA,Slovenia,Oberkrain
v_moskau,GBU TSOVS Moskovskaya obl MBU SSHOR,3,NA,NA,NA,NA,NA,NA,Russia,Zentralrussland
v_zakopane_eve,KS Eve nement Zakopane,3,NA,NA,NA,NA,NA,NA,Poland,Kleinpolen
v_raelingen,Raelingen SK,3,NA,NA,NA,NA,NA,NA,Norway,Akershus
v_leninogorsk,MBU DO Sshor Leninogorsk,3,NA,NA,NA,NA,NA,NA,Russia,Wolga
v_ljubno,SSK Ljubno BTC,3,NA,NA,NA,NA,NA,NA,Slovenia,Oberkrain
v_schwarzach,SV Schwarzach,3,NA,NA,NA,NA,NA,NA,Austria,Pongau
v_oberaudorf,WSV Oberaudorf,3,NA,NA,NA,NA,NA,NA,Germany,Chiemgau
v_kiteen,Kiteen Urheilijat,3,NA,NA,NA,NA,NA,NA,Finland,Nordkarelien
v_menges,SSK Menges,3,NA,NA,NA,NA,NA,NA,Slovenia,Zentralslowenien
v_seekirchen,SC Seekirchen,3,NA,NA,NA,NA,NA,NA,Austria,Flachgau
v_oberstdorf,SC Oberstdorf,3,NA,NA,NA,NA,NA,NA,Germany,Allgaeu
v_woergl,SC Woergl,3,NA,NA,NA,NA,NA,NA,Austria,Tirol
v_stjohann,SC St Johann,3,NA,NA,NA,NA,NA,NA,Austria,Tirol
v_velenje,SSK Velenje,3,NA,NA,NA,NA,NA,NA,Slovenia,Savinjska
v_jablonec,SKP Jablonec,3,NA,NA,NA,NA,NA,NA,Czech Republic,Reichenberger Region
v_otaru,Otaru Ski Association,3,NA,NA,NA,NA,NA,NA,Japan,Hokkaido
v_puijon,Puijon Hiihtoseura,3,NA,NA,NA,NA,NA,NA,Finland,Nordsavo
v_ruhpolding,SC Ruhpolding,3,NA,NA,NA,NA,NA,NA,Germany,Chiemgau
v_tromsoe,Tromsoe SK,3,NA,NA,NA,NA,NA,NA,Norway,Nordnorwegen
v_soere,Soere Al IL,3,NA,NA,NA,NA,NA,NA,Norway,Lillehammer
v_kongsberg,Kongsberg IF,3,NA,NA,NA,NA,NA,NA,Norway,Viken
v_siegsdorf,TSV Siegsdorf,3,NA,NA,NA,NA,NA,NA,Germany,Alpenvorland
v_toggenburg,SSC Toggenburg,3,NA,NA,NA,NA,NA,NA,Switzerland,Toggenburg
v_nsa,NSA,3,NA,NA,NA,NA,NA,NA,Bulgaria,Oblast Sofia Stadt
v_sprova,Sprova IL,3,NA,NA,NA,NA,NA,NA,Norway,Troendelag
v_villach,SV Villach,3,NA,NA,NA,NA,NA,NA,Austria,Oberkaerntner Raum
v_ljubljana,SSK Ilirija Ljubljana,3,NA,NA,NA,NA,NA,NA,Slovenia,Zentralslowenien
v_steinkjer,Steinkjer SK,3,NA,NA,NA,NA,NA,NA,Norway,Troendelag
v_hinzenbach,UVB Hinzenbach,3,NA,NA,NA,NA,NA,NA,Austria,Eferdinger Land‑Region
v_zakopane_azs,AZS Zakopane,3,NA,NA,NA,NA,NA,NA,Poland,Kleinpolen
v_ihan,SSK Sam Ihan,3,NA,NA,NA,NA,NA,NA,Slovenia,Zentralslowenien
v_hinterzarten,SC Hinterzarten,3,NA,NA,NA,NA,NA,NA,Germany,Schwarzwald
v_ounasvaara,Ounasvaaran Hiihtoseura,3,NA,NA,NA,NA,NA,NA,Finland,Lappland
v_zakopane_wks,WKS Zakopane,3,NA,NA,NA,NA,NA,NA,Poland,Kleinpolen
v_wisla,KS Wisla Ustronianka,3,NA,NA,NA,NA,NA,NA,Poland,Schlesien
v_rastbuechl,WSV DJK Rastbuechl,3,NA,NA,NA,NA,NA,NA,Germany,Bayerischer Wald
v_ringkollen,Ringkollen SK,3,NA,NA,NA,NA,NA,NA,Norway,Buskerud
v_furtwangen,SC Furtwangen,3,NA,NA,NA,NA,NA,NA,Germany,Schwarzwald
v_asker,Asker SK,3,NA,NA,NA,NA,NA,NA,Norway,Akershus
v_bystra,LKS Klimczok Bystra,3,NA,NA,NA,NA,NA,NA,Poland,Schlesien
v_lahden,Lahden Hiihtoseura,3,NA,NA,NA,NA,NA,NA,Finland,Paeijaet-Haeme
v_bischofshofen,SC Bischofshofen,3,NA,NA,NA,NA,NA,NA,Austria,Pongau
v_achomitz,SV Achomitz Zahomc,3,NA,NA,NA,NA,NA,NA,Austria,Oberkaerntner Raum
v_kitzbuehel,Kitzbueheler Ski Club,3,NA,NA,NA,NA,NA,NA,Austria,Tirol
v_wisla_wss,WSS Wisla,3,NA,NA,NA,NA,NA,NA,Poland,Schlesien
v_rateceplanica,Nd Ratece planica,3,NA,NA,NA,NA,NA,NA,Slovenia,Oberkrain
v_kiefersfelden,WSV Kiefersfelden,3,NA,NA,NA,NA,NA,NA,Germany,Oberbayrische Alpenregion
v_mayrhofen,SC Mayrhofen,3,NA,NA,NA,NA,NA,NA,Austria,Tirol
v_valledejoux,Vallee de Joux,3,NA,NA,NA,NA,NA,NA,Switzerland,Jura Gebirge
v_willingen,SC Willingen,3,NA,NA,NA,NA,NA,NA,Germany,Sauerland
v_lommedalen,Lommedalen IL,3,NA,NA,NA,NA,NA,NA,Norway,Akershus
v_horw,Skiclub Horw,3,NA,NA,NA,NA,NA,NA,Switzerland,Zentralschweiz
v_brand,SC Brand,3,NA,NA,NA,NA,NA,NA,Austria,Brandnertal
v_kuusamo,Kuusamon Erae Veikot,3,NA,NA,NA,NA,NA,NA,Finland,Nordoesterbotten
v_aue,SG Nickelhuette Aue,3,NA,NA,NA,NA,NA,NA,Germany,Erzgebirge
v_taku,Team Taku,3,NA,NA,NA,NA,NA,NA,Japan,Nagano
v_leshouches,Ski Club Les Houches,3,NA,NA,NA,NA,NA,NA,France,Auvergne-Rhone-Alpes
v_fiammegialle,GS Fiamme Gialle,3,NA,NA,NA,NA,NA,NA,Italy,Trentino
v_badmitterndorf,WSC Bad Mitterndorf,3,NA,NA,NA,NA,NA,NA,Austria,Salzkammergut
v_snowbrand,Megmilk Snow Brand,3,NA,NA,NA,NA,NA,NA,Japan,Hokkaido
v_waldzell,SC Waldzell,3,NA,NA,NA,NA,NA,NA,Austria,Innviertel
v_einsiedeln,SC Einsiedeln,3,NA,NA,NA,NA,NA,NA,Switzerland,Zentralschweiz
v_lomnice,LSK Lomnice nad Popelkou,3,NA,NA,NA,NA,NA,NA,Czech Republic,Reichenberger Region
v_liberec,TJ Dukla Liberec,3,NA,NA,NA,NA,NA,NA,Czech Republic,Reichenberger Region
v_magadan,Osvsm Magadan,3,NA,NA,NA,NA,NA,NA,Russia,Magadan
v_oberhof,WSV Oberhof 05,3,NA,NA,NA,NA,NA,NA,Germany,Thueringer Wald
v_orkdal,Orkdal IL,3,NA,NA,NA,NA,NA,NA,Norway,Troendelag
v_byaasen,Byaasen IL,3,NA,NA,NA,NA,NA,NA,Norway,Troendelag
v_mizuno,Mizuno,3,NA,NA,NA,NA,NA,NA,Japan,Kansai
v_rollag,Rollag Veggli,3,NA,NA,NA,NA,NA,NA,Norway,Buskerud
v_oevrevoll,Oevrevoll Hosle IL,3,NA,NA,NA,NA,NA,NA,Norway,Akershus
v_eldar,Eldar IL,3,NA,NA,NA,NA,NA,NA,Norway,Vestland
v_fitski,Fit Ski,3,NA,NA,NA,NA,NA,NA,Japan,Nagano
v_ufa,Lokomotiva,3,NA,NA,NA,NA,NA,NA,Russia,Zentralrussland
v_jyvaeskylaen,Jyvaeskylaen Hiihtoseura,3,NA,NA,NA,NA,NA,NA,Finland,Mittelfinnland
v_lauscha,WSV 08 Lauscha,3,NA,NA,NA,NA,NA,NA,Germany,Suedthueringen
v_flyinglaboratory,Flying Laboratory SC,3,NA,NA,NA,NA,NA,NA,Japan,Hokkaido
v_alaskajumping,Alaska Jumping Club,3,NA,NA,NA,NA,NA,NA,United States of America,Alaska
v_dolomiti,SK Dolomiti Ljubljana,3,NA,NA,NA,NA,NA,NA,Slovenia,Zentralslowenien
v_katowice,AZS AWF Katowice,3,NA,NA,NA,NA,NA,NA,Poland,Schlesien
v_absam,HSV Absam,3,NA,NA,NA,NA,NA,NA,Austria,Tirol
v_fersped,SSK Ilirija Fersped,3,NA,NA,NA,NA,NA,NA,Slovenia,Zentralslowenien
v_hornindal,Hornindal IL,3,NA,NA,NA,NA,NA,NA,Norway,More og Romsdal
v_kleinwalsertal,SV Kleinwalsertal,3,NA,NA,NA,NA,NA,NA,Austria,Kleinwalsertal
aut,Austria,4,NA,NA,NA,NA,NA,NA,NA,NA
sui,Switzerland,4,NA,NA,NA,NA,NA,NA,NA,NA
pol,Poland,4,NA,NA,NA,NA,NA,NA,NA,NA
ger,Germany,4,NA,NA,NA,NA,NA,NA,NA,NA
fin,Finland,4,NA,NA,NA,NA,NA,NA,NA,NA
cze,Czech Republic,4,NA,NA,NA,NA,NA,NA,NA,NA
rus,Russia,4,NA,NA,NA,NA,NA,NA,NA,NA
jpn,Japan,4,NA,NA,NA,NA,NA,NA,NA,NA
ita,Italy,4,NA,NA,NA,NA,NA,NA,NA,NA
nor,Norway,4,NA,NA,NA,NA,NA,NA,NA,NA
fra,France,4,NA,NA,NA,NA,NA,NA,NA,NA
slo,Slovenia,4,NA,NA,NA,NA,NA,NA,NA,NA
bul,Bulgaria,4,NA,NA,NA,NA,NA,NA,NA,NA
usa,United States of America,4,NA,NA,NA,NA,NA,NA,NA,NA
wc25,World Championship 2025,5,NA,NA,NA,NA,NA,NA,NA,NA
wc23,World Championship 2023,5,NA,NA,NA,NA,NA,NA,NA,NA
wc21,World Championship 2021,5,NA,NA,NA,NA,NA,NA,NA,NA
wc19,World Championship 2019,5,NA,NA,NA,NA,NA,NA,NA,NA
wc17,World Championship 2017,5,NA,NA,NA,NA,NA,NA,NA,NA
wc15,World Championship 2015,5,NA,NA,NA,NA,NA,NA,NA,NA
wc13,World Championship 2013,5,NA,NA,NA,NA,NA,NA,NA,NA
wc11,World Championship 2011,5,NA,NA,NA,NA,NA,NA,NA,NA
wc09,World Championship 2009,5,NA,NA,NA,NA,NA,NA,NA,NA
wc07,World Championship 2007,5,NA,NA,NA,NA,NA,NA,NA,NA
wc05,World Championship 2005,5,NA,NA,NA,NA,NA,NA,NA,NA
wc03,World Championship 2003,5,NA,NA,NA,NA,NA,NA,NA,NA
wc01,World Championship 2001,5,NA,NA,NA,NA,NA,NA,NA,NA
oly22,Olympische Winterspiele 2022,5,NA,NA,NA,NA,NA,NA,NA,NA
oly18,Olympische Winterspiele 2018,5,NA,NA,NA,NA,NA,NA,NA,NA
oly14,Olympische Winterspiele 2014,5,NA,NA,NA,NA,NA,NA,NA,NA
oly10,Olympische Winterspiele 2010,5,NA,NA,NA,NA,NA,NA,NA,NA
oly06,Olympische Winterspiele 2006,5,NA,NA,NA,NA,NA,NA,NA,NA
oly02,Olympische Winterspiele 2002,5,NA,NA,NA,NA,NA,NA,NA,NA
r_nagano,Nagano,6,NA,NA,NA,NA,NA,NA,Japan,NA
r_hokkaido,Hokkaido,6,NA,NA,NA,NA,NA,NA,Japan,NA
r_tirol,Tirol,6,NA,NA,NA,NA,NA,NA,Austria,NA
r_kleinpolen,Kleinpolen,6,NA,NA,NA,NA,NA,NA,Poland,NA
r_oberkrain,Oberkrain,6,NA,NA,NA,NA,NA,NA,Slovenia,NA
r_zentralrussland,Zentralrussland,6,NA,NA,NA,NA,NA,NA,Russia,NA
r_akershus,Akershus,6,NA,NA,NA,NA,NA,NA,Norway,NA
r_wolga,Wolga,6,NA,NA,NA,NA,NA,NA,Russia,NA
r_pongau,Pongau,6,NA,NA,NA,NA,NA,NA,Austria,NA
r_chiemgau,Chiemgau,6,NA,NA,NA,NA,NA,NA,Germany,NA
r_nordkarelien,Nordkarelien,6,NA,NA,NA,NA,NA,NA,Finland,NA
r_zentralslowenien,Zentralslowenien,6,NA,NA,NA,NA,NA,NA,Slovenia,NA
r_flachgau,Flachgau,6,NA,NA,NA,NA,NA,NA,Austria,NA
r_allgaeu,Allgaeu,6,NA,NA,NA,NA,NA,NA,Germany,NA
r_savinjska,Savinjska,6,NA,NA,NA,NA,NA,NA,Slovenia,NA
r_reichenbergerregion,Reichenberger Region,6,NA,NA,NA,NA,NA,NA,Czech Republic,NA
r_nordsavo,Nordsavo,6,NA,NA,NA,NA,NA,NA,Finland,NA
r_nordnorwegen,Nordnorwegen,6,NA,NA,NA,NA,NA,NA,Norway,NA
r_lillehammer,Lillehammer,6,NA,NA,NA,NA,NA,NA,Norway,NA
r_viken,Viken,6,NA,NA,NA,NA,NA,NA,Norway,NA
r_alpenvorland,Alpenvorland,6,NA,NA,NA,NA,NA,NA,Germany,NA
r_toggenburg,Toggenburg,6,NA,NA,NA,NA,NA,NA,Switzerland,NA
r_oblastsofiastadt,Oblast Sofia Stadt,6,NA,NA,NA,NA,NA,NA,Bulgaria,NA
r_troendelag,Troendelag,6,NA,NA,NA,NA,NA,NA,Norway,NA
r_oberkaerntnerraum,Oberkaerntner Raum,6,NA,NA,NA,NA,NA,NA,Austria,NA
r_eferdingerlandregion,Eferdinger Land Region,6,NA,NA,NA,NA,NA,NA,Austria,NA
r_schwarzwald,Schwarzwald,6,NA,NA,NA,NA,NA,NA,Germany,NA
r_lappland,Lappland,6,NA,NA,NA,NA,NA,NA,Finland,NA
r_schlesien,Schlesien,6,NA,NA,NA,NA,NA,NA,Poland,NA
r_bayerischerwald,Bayerischer Wald,6,NA,NA,NA,NA,NA,NA,Germany,NA
r_buskerud,Buskerud,6,NA,NA,NA,NA,NA,NA,Norway,NA
r_paeijaethaeme,Paeijaet-Haeme,6,NA,NA,NA,NA,NA,NA,Finland,NA
r_oberbayrischealpenregion,Oberbayrische Alpenregion,6,NA,NA,NA,NA,NA,NA,Germany,NA
r_juragebirge,Jura Gebirge,6,NA,NA,NA,NA,NA,NA,Switzerland,NA
r_sauerland,Sauerland,6,NA,NA,NA,NA,NA,NA,Germany,NA
r_zentralschweiz,Zentralschweiz,6,NA,NA,NA,NA,NA,NA,Switzerland,NA
r_brandnertal,Brandnertal,6,NA,NA,NA,NA,NA,NA,Austria,NA
r_nordoesterbotten,Nordoesterbotten,6,NA,NA,NA,NA,NA,NA,Finland,NA
r_erzgebirge,Erzgebirge,6,NA,NA,NA,NA,NA,NA,Germany,NA
r_auvergnerhonealpes,Auvergne-Rhone-Alpes,6,NA,NA,NA,NA,NA,NA,France,NA
r_trentino,Trentino,6,NA,NA,NA,NA,NA,NA,Italy,NA
r_salzkammergut,Salzkammergut,6,NA,NA,NA,NA,NA,NA,Austria,NA
r_innviertel,Innviertel,6,NA,NA,NA,NA,NA,NA,Austria,NA
r_magadan,Magadan,6,NA,NA,NA,NA,NA,NA,Russia,NA
r_thueringerwald,Thueringer Wald,6,NA,NA,NA,NA,NA,NA,Germany,NA
r_kansai,Kansai,6,NA,NA,NA,NA,NA,NA,Japan,NA
r_vestland,Vestland,6,NA,NA,NA,NA,NA,NA,Norway,NA
r_mittelfinnland,Mittelfinnland,6,NA,NA,NA,NA,NA,NA,Finland,NA
r_suedthueringen,Suedthueringen,6,NA,NA,NA,NA,NA,NA,Germany,NA
r_alaska,Alaska,6,NA,NA,NA,NA,NA,NA,United States of America,NA
r_moreogromsdal,More og Romsdal,6,NA,NA,NA,NA,NA,NA,Norway,NA
r_kleinwalsertal,Kleinwalsertal,6,NA,NA,NA,NA,NA,NA,Austria,NA